unique_input_record_identifier	input_title	input_writers	input_performers
0d3ImMdHx7UmvJVBVmW4i3	Jekyll & Hyde	Alexia Coley,Jon Gillies	Alexia Coley
3tsbgQZTLFydy5eS2e4nJL	Tibetan Singing Bowls	Giordano Trivellato,Giuliano Sacchetto	Healing Boy
16LZkrK0TzZF1IVnDpUiDQ	Medizinmann	Dominik StÃ¶tzler	Monkeybrain
15vTpRGUFjSVWZQO1MRoHj	Keyboard Suite No. 8 in F Minor, HWV 433: III. Allemande	George Frideric Handel	Philip Edward Fisher
724f2sZLra6E3TEqjxJFlj	Jackie Jackie (Spend This Winter With Me)	J. AgebjÃ¶rn,R. Gunnarsson	Sally Shapiro
2pg8RhWlcDkcqlarzDx7tR	Short Short Twist	Jones	The Royal Teens
1Wi3AiNTEtIP1rco1GlTUI	Silhouette	No Concept	No Concept
613IMoqeB0yxuZEcAGssCw	Woman's World	Aaron Sledge,Ayaamii Sledge,Brian Sledge,Calvin Frazier,Cornelio Austin,David Haddon,Jarius Mozee,Joe Syring,Rumeal Eggleston	BJ The Chicago Kid
1yGMy97bxor9IZ9nY5Draq	Apneia	Patricia laus Mattos	Blancah
0UnXzesrwrJ1kx3BqVLc0d	BondiÃ©	Christine Salem	Christine Salem
5CUFE1kLTULZ6GvB6hxWRm	Ghetto Starz	B. Sandlin,Denzil Miller,Fred Scruggs,James B. Moore,Kurt Walker,Lawrence Smith,R. Rogers,Robert Arthur Ford Jr.,S. Anderson,Sticky Fingaz,T. Kelly,Tyrone Taylor	Onyx
6ntvzf9Nphr6qQNV9M77y7	Do My Thing	Jacob Stiernspetz,Robert Milo	Rob & Jack
7lM1UzajLd21s1ZuRfpGgA	Break Up To Make Up	Kenneth Gamble,Linda Creed,Thom Bell	The Stylistics
4uczldHoOcXmCbyn9K9Z79	Il santo morto	Dario Brunori	Brunori Sas
5k2N84tO7V39kmWqMBku1T	Singing Om	George Harrison	George Harrison
3yd7CJI7dBtYEu76OrVBO4	Vapen till dom hopplÃ¶sa	Robert Hurula	Hurula
55gN8z0E6r6AAQT1rDJKmO	N'importe quel gars	Julie AubÃ©,Katrine NoÃ«l,Vivianne Roy	Les Hay Babies
4B3W3U9Z3PAx1gUhiQYaIP	Romeo And Juliet (Love Theme)	Nino Rota,Parti Siae	David Osborne
6JQRfYsQ4gECXZaIq9XflL	Rain Over Kilimantscharo	Steve Mandy	Daniela de Santos
66BTx0xlzyEVhYSbWv4VW3	Ain't Got Time	Roselle Weaver,Roy Ayers	Roy Ayers Ubiquity
2sReONNP28tO7YY7PAsTB9	Bad Spirits (Bani)	Dee Dee Bridgewater,KassÃ©-Mady DiabatÃ©	Dee Dee Bridgewater
2WtdEW2JY3zh4lJexJRDTs	Velle	Desi Crew,Kala Nizampuri	Lakhwinder Wadali
6g83TC6HMgsFYvAQhphYKc	Tooth Fairy	Peter von Poehl	Peter von Poehl
3FH8uxzN56uIBvrejurzCi	"Deivangal Ingae (From ""Anegan"")"	Harris Jayaraj,Kabilan	Harris Jayaraj,Sriram Parthasarathy
7uzwzePqx93sDauRFC8pBu	The Lake Wobegon Hymn	Garrison Keillor	Garrison Keillor
74CVaqpAlFgkSCNQrkz65f	Surfin' Safari	Brian Wilson,Mike Love	Jan & Dean
7F0NriJNf3d0MN1qu9dzZt	It Must Have Been Love	Per Gessle	Mark Masri
68CS9l3vBPG0tsAeVjSV44	Little Deuce Coupe (Mono)	Brian Wilson,Roger Christian	The Beach Boys
4RhekQNNxA2yAqkKhydaQo	Wonderful Maker	Chris Tomlin,Matt Redman	Chris Tomlin
3lfTxWNetunmGfEBvGE1K9	Lovechild	Baumgartner,Lahr,Pranyko	De-Phazz
5SzqVRrSXbPeUGT5pUjsUo	He Will Break Your Heart	Jerry Butler	Jerry Butler
0ZfLFldhoCYY5McK1ZyLVN	Stand On It	Bruce Springsteen	Mel McDaniel
6uzLsVw7NSneF0LAM3onNz	Slipstream	C Shakespeare,G Porter	Sherbet
54ijM3PLfwmflMzL3gTXMe	please don't give up on me	Olli Suominen	olli
6Xlvt1plyWi2XtgwMuVjRT	In Boxes	Aurora Aksnes,Edvard FÃ¸rre Erfjord,Henrik Barman Michelsen	AURORA
36GlqLI1HidbyM2MejigCz	Be Around	Michal Martyniuk	After 'Ours
4opHu54LNM02cZBJdrTlrD	Brooklyn Love	Kronlund,Robinson	Anna Brooks,Brooklyn Funk Essentials,Desmond Foster
5jgHQfMXmSu4hx8bXxKW0n	You'll Be In My Heart	Phil Collins	Celtic Woman
0E1JWnV8GQBKP6ASutH49L	Summer Breeze	Gunter Gerl,Vincenzo Ragone	Vincenzo
0hFwmmJgNa3dPF4t9bmlRb	Shuckin' Sugar	Jefferson	Wizz Jones
5nAsQUkBZpPXUByLBune0f	Finis les	Alonzo,Benjamin Costecalde	Alonzo
2ZHuQYIi971HfdtVikOVVP	I'm So Hot for You	B. Orlando	Bobby O
7lEJ8WNvXX11pS5vVZHnFI	Seksa	Saari Amri	Datuk Sharifah Aini
22f7qyXI4Ra0ypejTl3h3h	Cruise Control	Andrew Godwin,Corbray Sean,Derrick Wadsworth,Jason Linquist,Mark Garza	Embodyment
6SvpYxDBNdGpMescXqPRML	Un Uomo Diverso	Alessandro Ciuffetti,Francesco De Benedittis,Francesco GazzÃ¨,Max GazzÃ©	Max GazzÃ©
5g2FD6C9187XBxyUkIPXI6	Move to Bremerton	Michael Arthur Herrera	MxPx
4j0RSHgte6Q37dET4402zl	Dirt Bike	John Flansburgh,John Linnell,Wilbur Pauley	They Might Be Giants
5AtWnHvZLuOIJGLi7vd6N9	Making Love Out Of Nothing At All	Jim Steinman	Andrew Polec,Christina Bennington
59yBszMHZVBwpmoATwLYlk	I Wonder (Live 1961)	Pvt. Cecil Gant,Roosevelt Sykes	Ray Charles
05dwNAqhI33dDdl6O1HXKj	M'innamoro di te	Dario Farina	Ricchi E Poveri
1UYfeo5RWoJqToShNR7z90	Everything To Me	Jacob Hemphill	SOJA
5xpCvHcPwM6vRKgnZoCMM0	My Little Suede Shoes	Charlie Parker	J.J. Johnson
65QSX3J0dpedyim10KFcqD	Ein paar Runden	Kurt EbelhÃ¤user,Sascha Madsen,Sebastian Madsen	Madsen
7olpGfJNBUY2FMfEgKkRL9	Renaissance	Toni Mudrack	Teesy
0R98xUB64hLacrTOhLtdJ0	Renegade	Gary Richards	Destructo
3tteVlYj7b3DtrRIeKXwIX	We Rise Again	Eugene Hutz,Eugene Hutz,Michael Ward,Oliver Charles,Pedro Erazo-Segovia,Sergey Ryabtsev,Thomas Gobena,Yury Lemeshev	Gogol Bordello
0bcJNyPGEqSJ26jdD1QFGF	Mercy Tree	Krissy Nordhoff,Michael Neale	Lacey Sturm
1NsbdxXsMS3m8Q79P6GWLo	...calling	Nonchalant Savant	Nonchalant Savant
5zM3K85G6XQ1NWTiMB37Zv	Choose That One	James Shearman,Patrick Doyle	Patrick Doyle
5Unqje8E2DNjcSD0VKJvYu	I Love You So Much	F. Washington,Leonard Caston,Sugar Pie DeSanto	Sugar Pie DeSanto
3LkiH06MgIdAeWQyF5LMzH	Bro, bro breja	Tomas Blank,Traditionell	GÃ¶teborgs Symfonietta,Tomas Blank
2eK4surM0e3FMluNE9hqMR	Anonymous	DJ Emerson	DJ Emerson
31HrK1wyC3VvptHdj9JXvB	Electric Blues / Old Fashioned Melody	Galt MacDermot,Gerome Ragni,Jim Rado,Tom Pierson	Galt MacDermot,Tom Pierson
2aLxKSzpkAZfNQ7cmrXiyj	Unconditional Love	Chris Cresswell,Jon Darbey,Paul Ramirez,Scott Brigham	The Flatliners
0zhkuIQ4345YbKjAmYkAr2	Chewin' Mi Mic	Bab Lee,El Kady,RAUX,erdeven,sevret,wauthier	Zenzile
4jpaa5BZdOtVgzKNyVxSM2	Sonnet for Stevie	Mark Turner	Baptiste Trotignon,Mark Turner
5I6d1gfpbEkJTewRNynxnQ	Onde o Nordeste Garoa	Onildo Almeida	Luiz Gonzaga
5wvV1kJoSILDqdOTSFmoKA	Moon Dust	Ilya Lipkin	The Re-Stoned
4Tzh40NrdibXC2Nb0gZ9Wl	Jackie	Gerard Jouannest,Jacques Brel,Mort Shuman	Scott Walker
1TSFiM4D3tyx6L7GD3c6Ph	Early Morning	TreeHouse 707	TreeHouse 707
41v7FqRpYIwdr65IGoQRbH	Beni Benimle BÄ±rak	Ibrahim Ferman Akgul,YaÄmur SarÄ±gÃ¼l	Ãmit Besen
2DuLCNjIszZ3g5B4XE8ONy	Surround Me with Your Love	Per A. Bertheussen,Per Martinsen,Svein Hansen	Blank & Jones
0MkayFomiiea3ngp05amTn	Vizine (Freestyle)	Bousmara Division NÂ°1	Bousmara Division NÂ°1
02fenXEY9TV3lKW33j5ipA	School's Out	A.Cooper,D.Dunaway,G.Buxton,M.Bruce,N.Smith	Buttmunch and The Great Cornholio
0S7kfXOe4pbR1Wrkby1hGz	Malacoda	Caspian	Caspian
78xYQbFUcYComSOzBpo3WT	Bimbo Satellite	Chris Joss	Chris Joss
7FvJQy0fu6b8nEWwcgcHT3	Old Norwegian Romance, Op. 51: I. Poco tranquillo	Edvard Grieg	Edvard Grieg,Philharmonia Orchestra
7zvElHJqPZY4CGc3tprlwR	Fish And Mice	Holly Throsby	Holly Throsby
5WWcjsrfnJI43r1ZJbpxqO	The Motorcade	Jerry Goldsmith	Jerry Goldsmith
4hkdtl3xpE5MGJajzRgiZA	Toccata II	Rolf Lislevand,Traditional	Rolf Lislevand Ensemble
08pZ47A3mehqQZ5htXkak7	Heavy Love (ASOT 818)	A. Rata,I. James,K. Sones,M. Vangeli	Andrew Rayel,Max Vangeli
3R4XTOBeXtSbcZ5ujSHmam	Give Me The Roses	A. P. Carter	Carlene Carter
5FIfrMB4XPezXNt1zobOwk	I Believe In (feat. Beta Bow)	Taelor Deitcher	Felix Cartal
1guyHT1SrCFHwfdCvZ8J2x	Introduction: Nothingness	Hayden Calnin	Hayden Calnin
0kRHPaomykhU8eKJjoTBfO	Red River	Guy Fixsen,Margaret Fiedler	Laika
5042gESl3wqaQVAdHglwVz	Taking A Chance On Love	John LaTouche,Ted Fetter,Vernon Duke	Matt Monro
7t3lzveOldcMW2OkM9756N	Selfie	Babbu Maan	Babbu Maan
55ohhJLbz4BTwZ6GzfdbMe	If I Needed You	Townes Van Zandt	Don Williams,Emmylou Harris
5jJYJthaXUdkHKmiS6TuXe	Distance (feat. Joey Bada$$, Issa Gold & Erick The Architect)	Erick Elliott,Jo-Vaughn Virginie,Marlon Fung,Powers Pleasant	Beast Coast,Flatbush Zombies,Joey Bada$$
06lGG2WrxIGUoMMQbR3O4Z	Nostradamus	Michael Ehninger,Thomas Spitzer	EAV
6Yy8nhChB5RxOHftjstcKG	Pashunfruit	Gustaf Isaacson	Guustavv
23RXgB6zTuxiW1GheO5b6t	Suite No. 2 in F Major: Prelude - Allemande - Courante - Bourree - Sarabande - Menuet I & II - Gigue	Silvius Leopold Weiss	Jakob Lindberg
5MGCxdfa80nbBGcqqQWygx	Under the Bridge	Anthony Kiedis,Balzary,Chad Smith,Frusciante,John Frusciante,Keidis,Keidis Balzary,King,McNair,Michael Balzary,Smith	All Saints
1LmkXSQbofMD4JEYqsmZcL	Silence	Michael Geoffrey Underwood	Moral Dilemma
7xLJpKCqPI1LRStBlvmsup	Tommy Bahama	Myles Parrish	Myles Parrish
6VFmgcvCbfgoS63SfrBlgg	You Did It, You Did It	Rahsaan Roland Kirk	Rahsaan Roland Kirk,Roland Kirk Quartet
5ZTgFaoPKdJZa7EvAXXYcy	Melkweg Bass	Liam Mclean	Joker
2fCJg4P5QlKNecepq5zo22	S'posin'	Paul Denniker	Nelson Riddle
4GMAyVjTpL9vgKd7aZJkSd	Indigo	Plusma	Plusma
5dOuPV9NHt5uWqxvhVbA0n	Bald Butte	Colter Wall	Colter Wall
1tpcdO2cqYuY0EsqvxZazE	La Violetera	Eduardo Montesinos,Jose Padilla Sanchez	Dalida
0BaUwLv2lSBwIwGTzjgIXR	Frank	Chris Matthews	Headless Chickens
2WyUzDQjzQfPMz1EGsjLw2	Operation New Me	Chris McKay,Jamil Kazmi,Jared Gutstadt,Jeff Peters,Taka Moriuchi	Jingle Punks
00qSzFGT8c6Om96MRK3uSt	Mama Raised Me	Calvin Broadus,Daryl Anderson,Percy Miller,Soulja Slim	Master P
745RHtUOB8KIetZUqQ4zEZ	Leave a Light On (feat. Tom Walker)	Steve Mac,Tom Walker	Red Hot Chilli Pipers
2dAiHAa3buEDWlj0uyBDBc	Donalina	Aviv Cohen	Sol Monk
5faqpitzDhJKv3huL8nJhp	Wetin We Gain	Victor AD	Victor AD
5pJ4txCueCm3vSLHp2tx3A	What You Do	Michael Brigante	Attonbitus
4OEpeTynFu4UgdkspM3WzC	Oboe Concerto in C Minor: Adagio	Georg Philipp Telemann	Sarah Francis
0XD8PIk6ZPrvuOZI8kZON0	Some Fun Now	Alan Menken,Howard Ashman	Michelle Weeks,Tichina Arnold,Tisha Campbell
5QlmJpzQ2SyTP54loicFyQ	Three Four	Ben Cullum,Karl Clive Gordon,Shaznay Lewis	All Saints
2XRyW3Kbd7ln1b78CJ0U5u	Offering	Ara Dinkjian	Ara Dinkjian
5NSxCIccne0LGgtEw5egrr	Crazy Beat	Fallin,Rhodes	Gene Vincent
1XoJocoi2Kz18kqFgZVWDN	Free My Way	Ian Brown	Ian Brown
7p1kmc8AVgYHKLxDnGIY2H	You Can't Outrun 'Em	Jenny Lewis	Jenny Lewis
6Oo0MdVI6g6732qbg8ad6x	Honeysuckle	Barry Dean,Hillary Lindsey,busbee	Carly Pearce
6P54hhvnaS5kM9nv5tHocS	Hard Headed Woman	Claude De Metrius	Elvis Presley
0kr4qhkSAiBEOvT1aoBcY6	Eenie Meenie	Michael Sembello,Raymond Pounds	Jeffrey Osborne
4Z9z2jL0LO1ikTYUZmBAtK	Besame Mucho	Skylar,VelÃ¡zquez	Francis Goya
50yv11h0Rm8BuSdFNTsX60	A Father of Very Little Brain	Bruce Fowler,David Slonaker,Ed Trybek,Edgardo Simone,Geoff Zanelli,Jennifer Hammond,Jon Brion,Kevin Kaska,Philip Klein,Rick Giovinazzo,Steve Bartek,Yvonne S. Moriarty	Geoff Zanelli,Jon Brion
5HgXSKXtmhbkwyw9T1s7dP	Love You For Life	Curtis D. Harmon,Eddie Baccus,Jr.,Michael (Antonio) Thornton	Pieces Of A Dream
7muB8MHe9LwtFybCLk043k	Quero Um Baby Seu	Luiz Carlos Siqueira,Paulo Zdanowski	Caetano Veloso
6suUkCbptTEFsUDGqfYrkC	Come Back Baby	Kate McGarrigle	Kate & Anna McGarrigle
6jOuqpHYidc4HpnRwr6nRr	Sonata no. 14 in G major: III. Andante cantabile	Giuseppe Tartini	Luigi De Filippi
0jwgNSJVOYiZwbhsnUfBPt	The Hand	Paula Frazer	Tarnation
788cpxNtwjpKlq6W4mgvDK	Unchained Melody	Alex North,Barry Manilow,Bill Ross,Hy Zaret,Walter Afanasieff	Barry Manilow
59qNxfwZVsasBB9qcPhmIM	Disseminate	Bill Leeb,Rhys Fulber	Front Line Assembly
3K6Qgi5BlNP9J3ZcotMZMG	Road Less Traveled	Kevin Yost	Kevin Yost
7gwtPl068Bd2kYGXwMNa64	Don't You Dream	Beresford Romeo,Charlotte Kelly	Soul II Soul
7FaYqYa8EBuDx84rFDO9vW	Long Live Our Love	Jerome Louis Jackson,Sidney Barnes	The Shangri-Las
1T3vZiFuqP0jeKYODA9cPW	Caliente	Andy Kaufhold,Jaspa Jones,Piet Blank	Blank & Jones
5YAjpn3NzhdXBxYL5cGy89	Hello	Richie	Francis Goya
57glJwCgaO15nGDw8L24tJ	El Mercado	Alex Rodriguez	Alex Rodriguez
2JrPYgybHbfNq1GLrAfubI	"Love Theme from ""The Godfather"""	Nino Rota	Andre Kostelanetz & His Orchestra
33HCg2N6H6ZSrzHq9lU0dN	Satanic Barbarism	Brian Malone,Eric Hersemann	Diabolic
52ctAVW37gpbNcVRJ6bT0A	Sirens	Gabe Dixon	Gabe Dixon
6zITIkNO0vAoEtvM9ZEFpM	Hanging Around	Gemma Hayes	Gemma Hayes
2nk5cDGgASFCSinFjphaYK	Salome	Andrew Lloyd Webber,Christopher Hampton,Don Black	Andrew Lloyd Webber,Kevin Anderson,Patti LuPone
4HDjs3LiKRVJsa9LW5tzTT	Sti Theoria	Christodoulos Siganos,Valentino	Panos Kiamos
6ZW4YoXdDsV6rc8clOBRn4	Marcha do Donzel	Ariano Suassuna,Renata Rosa	Renata Rosa
6nwK4MlCvxob5Yk3NuHDXx	To the Dawn	Henry Burton,Sara Groves	Sara Groves
5Ma5oifXhrs1lq56lV59hI	Whispers	Xavier Rudd	Xavier Rudd
0zxWRrstHxE3fYI5QleMxf	I Want You	Daniel Burke,Kaz Gamble,Marcello De Angelis	Birdee
1EhM3WRdenmzHQ3YUzAh0m	Juancho	Lucho Junco	Cabas
5CGzGHQydEhSQVOC3CW7Oh	Festival Crash	F. Corsten	Ferry Corsten
0RClguMsTbVPYKzY27TzyL	Espirais	Alexandre Lemos,Alexandre Silveira de Castilho	Marjorie Estiano
43qiUSR7w0b7NrjV0dm6b2	Superheld	Jakob Sinn,Johannes Strate,Kristoffer HÃ¼necke,Niels GrÃ¶tsch	Revolverheld
07WNFI1IZp7EXGOL2YyCzw	Slow Ruin	Sannhet	Sannhet
0OA2aD6f3nP17nZtx2udzh	Poor Boy	Ben Hayslip,Dallas Davidson,Rhett Akins,Tyler Farr	Tyler Farr
7xRPfG0cM9klqDigaRl9VP	Whiskey Ghost	Gary Nicholson,Tom Hambridge	Buddy Guy
4BEwHBh3V461UyBK2mGpq5	First Light	Dan Michaelson	Dan Michaelson
0jacpERIrAsZmr803d2Uk5	Anathema	David Arnold	David Arnold,Tori Amos
6ppg2EReeJMf4ntrwwIkWp	DANCE WITH ME NOW!	Michico,T.kura	E-girls
0ej4nOozKUrCOU7ysxNXLh	What's New	Bob Haggart,Johnny Burke	Lee Konitz
3vJuG3Uc9yUmB79azIEGDE	Last Night	Emma Anderson	Lush
48GzqZeI4CJLdxJ4o5WWMk	#thatPOWER	William Adams	Neil Edward
6RyCki6lEPqMMau369wPyW	Long on Love	Rory Lee and Tony O. Villanueva	The Derailers
637SM8vCqY6uNFvnLLEipf	Redwing	Anthony Banks	Tony Banks
7Ijlt1DIrpT3kEU2JaKa0f	Prayer for Travelling	Gabriel Jackson	St. Jacob's Chamber Choir
71piNzA61VqdBPbTmRPsYb	Albatross	P. Green	The Hero Guitar Maniacs
7GzI0Jk377Qpch8KtHvyKq	Sem Ti	Anselmo Ralph	Anselmo Ralph
0NdWmjRN9DUT7k7QpMMEYk	Thanu Vethikina	Gopi Sundar,Sirivennela Seetharama Sastry	Satya Yamini
6IF3S46wTRtaQimGtURfmM	Umpa Lumpa	Max Loderbauer,Tom Thiel	sun electric
6D0XmEAG67nJF3ygIVZCOO	Quickdraw	A Santilla,B Dexter,B Dochstader,G. Campbell	67 Special
3bRUvmYOZ8tqguEGWyVmYE	Mittelfinga hoch	Aaquil Brown,Robert Zemichiel,Samy Sorge	ASD
53jogSv23P6DFcOHcZrDs9	Save Me	Baker,Haner,Sanders,Seward,Sullivan	Avenged Sevenfold
55426eqWLGsLRzCHp0mlxA	Am I Right?	Andy Bell,Erasure,Vince Clarke	Erasure
6usHxH3iCQC3ETkIWG36Km	Disappear	Kay Hanley,Letters To Cleo	Letters To Cleo
70Vc2mCfevAjiM6O1vfGXR	Dipped In Ice	Aleicia Gibson,Chauncey Hollis Jr.,DiamontÃ© Harper,Dustin James Corbett,Gino Borri,Ryan Martinez	Saweetie
6Pbwhr9C4ddhsKLbnd6Ydg	Blue Fiddle	Paul Moravec	Cory Smythe,Hilary Hahn
3gW8N0jXhpnaw4R25UsRIL	Shake Your Money Maker	Elmore James	Elmore James
4IB3eXd1V1aCdJFYS7mU7T	Three Guesses	Linda Scott	Linda Scott
3PsNZLdClHYTnpQ8RS9fyG	Be Ma Fela	Tiago Novo	Marta Ren & The Groovelvets
1TUQrPj7jp0uc3cmS6kCzr	Finally	Pauline Henry	Pauline Henry
4dgbAhd966nEBgVhsG6HoT	Sahaja (Relaxing Yoga Music)	Marco Rinaldo	Spiritual Music Collection
6Yp57oaKt49cLiACXsWz7p	Batyar (Bigmouth Strikes Again)	Johnny Marr,Steven Morrissey	The Ukrainians
15cSr8Q5KzlSg6c3swnTrw	The Window up Above	Jones	George Jones
7b0TbASq3JHtj54SDVJQWJ	The Breeze And I	Al Stillman,Ernesto Lecuona	Henry Mancini
3OnclyqyU6kYhf3Swix1SS	Siete homicidios	Rodrigo Miranda	Los Trukeros
1TbuDl6GklIG7zy5fSiNni	Nessun Dorma	Giacomo Puccini	Luciano Pavarotti
0rH0nZVbFR4ny1lN1PNSfC	You Don't Want to Get You One of Those	Mark Knopfler	Mark Knopfler,Tommy Emmanuel
3JDPO6psvw4EZYAHOJVNd7	Go into Your Dance	Al Dubin,Harry Warren	Caroline O'Connor,Cathy Wydner,Company of 42nd Street,Kim Criswell,National Symphony Orchestra
7jqCebvd30ZSaQBfwV2Na5	Book II: Prelude and Fugue No. 17 in A-Flat Major, BWV 886	Johann Sebastian Bach	Sviatoslav Richter
296LoOFurYUNo0xr6diEES	OdyssÃ©e	Bernard Fevre,Jacky Giordano	Bernard Fevre
2UYdO5OLRIaWQhTTNCy7Dx	Unvergesslich (Inoubliable)	Charles Aznavour,Pierre Delanoe	Charles Aznavour
6VwGytUkC11Mj5kcHXggYj	Eravamo Re	Cosimo Fini,Stefano Tognini	Gue Pequeno
67bkRbYTDuhYXIwdIF0dkA	Caminando	Camilo VelÃ¡squez,VerÃ³nica AtehortÃºa	Veka
4XpoKWfMZzerw1R7uX5LMs	Boogie Magic	Dennis Coffey	Dennis Coffey
5EKCupOjtK8BBz8MUw8WWX	Looking Through Darkness	Derrick Harris,Keith Elam	Guru
78SCz6GkX5zPta7X1DsZnZ	Que Te Vaya Bonito	JosÃ© Alfredo Jimenez,RubÃ©n Fuentes	JosÃ© Alfredo Jimenez
1YMRTLjJC5gK4ZfULfm17T	Shoes	Doug Pinnick,Jerry Gaskill,Ty Tabor	King's X
2BAyouVbATFhG3qX9ZHuwQ	Bedrock	K. Crawford,N. Skeltys	B(if)tek
4rxTIrp20yS9TlGKOtP5pG	Pusti Micu, Gadan Je U Picu	B. M. Knindza	Baja Mali Knindza
2jpvd0imsQzgdoIXEBdNxj	Birds	Dan Carey,EmilÃ­ana Torrini	EmilÃ­ana Torrini
1jP3M6DPaKEIP8GQpTdHNX	Too Much	"Alex Lustig,Karim Kharbouch,Lonnie ""Skeme"" Kimble"	French Montana
7ggMd2kMLvHxFRpUocaJvE	Fata Morgana	Andreas Cremer,Philipp Handke	Ibiza House Classics
4HInoGZUGFFjFWq3IAwKTw	Superfine Love	"Biancaniello,Cohen,Frank ""Killer Bee"" Martin,Jeffrey Cohen,Louis Biancaniello,Narada Michael Walden,Skylar Jett,Walden"	Al Jarreau
4I1keiyuvoJkcGdk8Efq3D	Reunion	Gerry Mulligan	Chet Baker,Gerry Mulligan
3s8gmcDD3MLdyPeyDoEIK8	Botanist	Samuel Thomas Yeldham	Guineafowl
14iXpUJUEoXM9ADK29zT9h	Plea Bargain	Marc Shaiman	Marc Shaiman
07g2acZ6kljLjk0Xif8MtC	You Started Something	Matt Aitken,Mike Stock,Peter Waterman	Samantha Fox
4tu2wvKfJeaKS8uIySXrHR	Em Algum Lugar no Tempo	Alvaro Birita,Bruno Gouveia,Carlos Coelho,Manno Goes,Miguel Flores da Cunha	Biquini CavadÃ£o
7bgL7kWbCPhFh9ccpmlikL	Nu Exciters	Peter LaSalle,Ralf Eckert	Eckert,Lasalle
3EPleXomzYCh6w1bkBHhEF	Hats (Makes Me Wanna Holler)	Jean-Paul Maunick,Richard Bull	Incognito
1xeMq87xBMSLpjXo85jIOQ	Country Roads	John Denver,Mary Danoff,William Danoff	Me First and the Gimme Gimmes
1NIgovf0IUMcggtYPJRp6C	The Final Absolution	Ian Jekelis,Kenneth Steven Bedene,Mendel bij de Leij,Stefano Franceschini,Sven De Caluwe	Aborted
0uzhVVCG73nBIngV1hpyvY	I Can't Let Go	Al Gorgoni,Chip Taylor,Ltd.,Stone House Productions	Gorgoni,Martin & Taylor
7KYItmZqiTnvfuO42oc6Og	Agar Tu Hota	Abhendra Kumar Upadhyay,Ankit Tiwari	Ankit Tiwari
2mmFemFfAyv9kGffdjhGqC	Alguien Que Se Cruce En Mi Camino	Cacho Valdez,Eduardo Franco	Los Iracundos
5eDYqeMnqFNAHochPlvD9b	Taco Wagon	Dick Dale and his Del-Tones	Dick Dale and his Del-Tones
5U9MWOE39IQ7dcPDT0XO3T	Mother Goose: i. Sleeping Beauty	Maurice Ravel	Philharmonia Orchestra
47A2Tce2Zpgq0hl45qJki3	Appreciate You	Monte Level Kelley	Tay Kelley
1SzovCA1H8KPmhRm6BchKt	Trilogy for Krishna: Krishna II - Holy Denying	Arthur Andres Ribeiro	Uakti
2B8VErJAQkqP0bM6Mb33sL	Kapardina	Hristoforos Krokidis,Lefteris Papadopoulos	Vasilis Papakonstadinou
1AWKAG5IljRnoEromiawhk	It's Too Late	James Newton Howard	James Newton Howard
1LGMu3k03UURXTuATa2xdg	"The Shadow of Your Smile (Love Theme from ""The Sandpiper"")"	Ernie Freeman,Johnny Mandel,Paul Francis Webster	Vic Damone
7qLN09P7CvMTikaavrkGUr	Revitalize	Kay(fabe) LaNoise,Melanie GÃ¼ntzschel,Rico Suchatzki	Wynardtage
0SSIr855WMaF6rWXjZvgRo	Habit of Mind	Daniel Clarke,Joshua Grange,k.d. lang	k.d. lang,the Siss Boom Bang
6f4OdqA93uyv2K6UeEbKXU	St. Anger	Dennis Lisk,Guido Weiss,Jan Phillip Eissfeldt	Beginner
5GoGjEsPvr0McJQiGGCnws	Man Listen	A. Balshe,Ben Diehl,Danny Nguyen,K. Khaled	Belly
7c6opaRm7F0yivzl40LRqJ	Undercover of My Skin	Benjamin Robert Walker,Jan Skubiszewski	Benny Walker
7koVKROalkRPaeMFFzcyfw	Das Rheingold, WWV 86A / Erste Szene: Weia! Waga! Woge du Welle! - Live At Staatsoper, Vienna / 2011	Richard Wagner	Christian Thielemann,Ileana Tonca,Tomasz Konieczny,Ulrike Helzel,Vienna State Opera Orchestra,Zoryana Kushpler
4INqVSyfEPwnTkHtCwhIAb	Love Me Tender	E Presley,VG Matson	Daniel O'Donnell
4toHIBRIKMEEE61SusEwes	Higher - Jerry Folk Remix	Ketil Jansen,Maty Noyes,Sebastian Teigen,Ulrik Denizou Lund	Lemaitre
0sBjk0d2JfH0foHkt1VXPD	Rations	Coby Brown	Coby Brown
6jTuYb8VuMrlooQy45eN03	Equinox	Ivan Myslikovjan,Lucie Burns	Lazy Hammock
2rArUcVf6tenO8UL54keho	Jussara	Quincas Moreira	Zuco 103
4aYnfoTYbbyDr6v2RaicYB	Do It Together	Adam Baker,Daniel Rankine,Daniel Yates,Matthew Honson,Matthew Lambert	Funkoars
4m1opmaYT9zk5OP7IHUb9R	Call To Arms	Sturgill Simpson	Sturgill Simpson
4d0yzZtMPYKU6AmijCNpLj	Concerto for Violin and Organ in C Major, RV 808: III. Allegro	Antonio Vivaldi	Amandine Beyer,Gli Incogniti
25Q5OflSxjMcI6er7dshoS	Dionysian Urge	Tim Wheeler	Ash
0lVrzRQJbBdQnTr57e70t1	Thumbelina	Frank Loesser	Bernard Cribbins
7HsVqk0jBaixdESPtbxDwf	Adorations	Jaz Coleman,Kevin Walker,Martin Glover,Paul Ferguson	Killing Joke
7s0CqOvyKGkyPLl6N2Bg9I	Kiss Me	Stephen Duffy	Stephen Duffy
3SIEL0FHZrOmYb6YdCPXER	Liebster Gott, wenn werd ich sterben, BWV 8: Recitative: Behalte nur, o Welt, das Meine! (Soprano)	Johann Sebastian Bach	English Baroque Soloists,Katherine Fuge,Mark Padmore,Robin Tyson,The Monteverdi Choir,Thomas Guthrie
7ByyYB8M24L0dGUh5f2ZUL	Krajina je majka	Velimir Zivkovic	Bora Drljaca
4JkoBVUPDMc4PbBctG2ySs	Hulapalu	Andreas Gabalier	Die Grubertaler
3CKH9RNXLcvl6baYJUybCL	Koliko Je Prevarenih	Zlatko Timotic Zlaja	Dragana Mirkovic
7eDjwwpghuiCEVXhtel8Zy	Dankbar	Benjamin Stottmeister	Herr von Grau
40esUsEMmw0qwhnGMseDgR	You Lose	Stefan Becher	Delusions of Lunacy
4nYysvyXvE31PB8KVJWDoM	Who Dat	Christopher A. Stewart,Diandre Davis,JT Money,Thabiso Nkhereanye,Tony Mercedes,Tonya Johnston	JT Money
79xLmqnrSLtzrTlCOkmTmq	Call Upon	Samuel Gray,Steve Manovski	Penthox
4x9Aig6PzVapoeeYoNocYC	Opened	Patrick Robert Lynch,Philip Andrews Duchesne,Sergio Andres Barrera	Horizons
3YAoxvQt6hpSbmQ9HIom01	Rugged Country	Michelle Zauner	Japanese Breakfast
0tGIRDsFl3j5TMbK7nK2Ji	The Great Water Sequel	Fredric Lindblom,Robin Eveborn	Last Lynx
5vBCcgTVe22nwY3EGMXdvh	Dixie Boogie	Atwell,T Rad	Winifred Atwell
38casNXY2G39SZRUjALtcY	How I Roll	Bonnie McKee,Christian Karlsson,Henrik Jonback,Magnus LidehÃ¤ll,Nicole Morier,Pontus Winnberg	Britney Spears
4I08B4Z8l5jroZYupuna8h	Please Come Back	Dag Sindre Vagle	Helldorado
2nwBoEYXhXKsLp0A88DZI4	The Photographer: Act II	Philip Glass	Philip Glass Ensemble
528YVqE16CenL0aLYrJOej	Yang Terlewatkan	Eross Chandra	Sheila On 7
0NerbJg3H6xJMjAiUH4R9y	Colliepark	Sinistarr	Sinistarr
719sQR7qma8K6kgMlpQSOe	I Don't Mind	Vinzenz John	Vince Johnson
4ZVZB9inlBtfFPUdnOu4AT	Bluebird	Katie Noonan	Katie Noonan
35e7ckbWgHjHI9n3oL6jnd	Malade	Eazy Dew,Pierre Bertrand,RomÃ©o Elvis,Vladimir Cauchemar	RomÃ©o Elvis
2wRZk21Klib9hcPslNwyqD	Dembese	Tete Mbambisa	Brian Thusi
7MnxdsnHrXOgnqpAv6K04d	Why Don't You Fall in Love with Me? - Remastered	Al Lewis,Mabel Wayne	Connee Boswell
252htgicGlEQdV2se6iZdJ	Dear X, You Don't Own Me	Ben Glover,Kevin Young,Rob Hawkins	Disciple
40nsQucs2zbec1F8JBi0iJ	New Generation	Csaba Zvekan	Raven Lord
2gU1CTTz1Gl05yF13Ub2Ol	Let Me Fall in Love	Sebastian Olzanski	Sebastian Olzanski
3iWHl7QFmQ9HmXgDEyzxop	Sign Of Relief	Anne Jennifer Dudley,Gary Langan,Jonathan Edward Jeczalik,Paul Robert Morley,Trevor Charles Horn	Art Of Noise
1aexn5XUwWBcCn8T36IYK3	Joy Through Death	Aleksi KiiskilÃ¤,Juho Vanhanen,Mat McNerney,Rainer Tuomikanto,Valtteri Arino	Grave Pleasures
4O0YeW6g2zD3uPUbqR2i5G	Any Other Way	William Bell	Jackie Shane
45nQhPpDCj5ORSgFPv8EHw	Rise Up	A. Mason,E. Banta	Greenwood Rhythm Coalition
4lJO3eyYqw9CT8mKljyJu5	Sunday Kinda Love (feat. Aaron Lindsey, PJ Morton & Nikki Ross)	Aaron Lindsey,Israel Houghton	Israel Houghton
58gn5gg9fpam1eQB0MLHe2	To Be By Your Side	Bruno Coulais,Nick Cave	Nick Cave
0AjfHlfaz7JEvPMsPJNeXO	"Flying Theme (From ""E. T."")"	John Williams	Philharmonische Orchester des Staatstheaters Cottbus
3PhIQPwCeWV5TfrZkuwXWp	Too Fat Polka	Arthur Richardson,Ross Mac Lean	Craig Duncan
00ObrTLihRBZzDGPypzxON	Por Eso, Estoy Preso	Cacho Valdez,Eduardo Franco,Momy	Los Iracundos
2buPtPaKomtwoT8YvxO13f	L'Anno Che VerrÃ 	Lucio Dalla	Lucio Dalla
4drhI0HFUrZhtQFM6UTezn	A Guy That I'd Kinda Be Into	Joe Iconis	'Be More Chill' Ensemble,Be More Chill,Stephanie Hsu
0FwmxfNxIpFhyWVYhFHDBw	Un mundo de zurdos	Ferran PontÃ³n	Egon Soda
5Xz7X81CO6r9o6nD9cMCb3	Million Miles	Dirk Duderstadt,Marco Duderstadt	Inpetto
2uOctwnoNqfkEVwEwqzLHt	Africans	Farhad Samadzada,Nneka-Lucia Egbuna,Sven Waje	Nneka
4lRgXXGKwulNmOP9IPFE9I	Bout Mine	A. Thompson,L. Smith,M. Seymour,M. Young,T. CASTILLO,W. Roberts	Trick Daddy
11cLIOqkyRLR3huCNp3XmH	Sonata for Violin and Basso Continuo in E Minor, TWV 41:e8: IV. Allegro	Georg Philipp Telemann	Boris Begelman
3FF9wbD0NhvitcpIl4475p	Introducing Pikuniku Again, Trailer 2	Calum Bowen	Calum Bowen
2RQsuMwdpU6kJaqXEjWQJ4	Evening Meditation	Marco Rinaldo	Kundalini: Yoga,Meditation,Relaxation
3UvbQ1Z0TzAcudQGAAqzKq	Parting Gifts	Loene Carmen	Lo Carmen
3NelcGZ46JmV9LqOD1pnxA	Faith (feat. Quavo)	AMIR ESMAILIAN,Navraj Goraya,Quavo,Trouble	NAV
3vVwpJHliGBdF25iKpUBL9	Egyptian Fantasy	Bechet,Reid	Sidney Bechet
0Fifn4lBIGM5LG18Whp1Dx	Corners	Denny White,Isaac Slade,Joe King,Julia Michaels	The Fray
77mUbCKj0mRaJmDOZZHqp5	The Jinnouchi Family	Akihiko Matsumoto	Akihiko Matsumoto
7BFXyMBsWhla1B5Sg9eTYJ	Musik im Polkaschwung	Huby Mayer	Die Fidelen MÃ¶lltaler
5OIUh3wKcgz17QJeeuN2uM	No Way Out	Christopher Hjelte,Thomas Sundin	Dr. Living Dead
24CCu1Cu0iyKH6UpgV2DsU	We Believe (Apostle's Creed)	Keith Getty,Kristyn Getty,Stuart Townend	Keith & Kristyn Getty
0T7HXGIo3QUS0y760PQse0	Seemannslied	Eric Hecht,Ingo Hampf,Michael Bodenski	Subway To Sally
5lAUS46liAnSyUYg7JXlMT	Fiesta: II. Tarantella	"Scott Tenant (based on Horacio Salinas's compositions for ""Inti Illimani"")"	Los Angeles Guitar Quartet
7xnxVpJdZW2LKHuaWAD3Nl	Kadath	NECRONOMIDOL	NECRONOMIDOL
06xImgTBqFA091xRsP7b5O	Get Me To The Church On Time	Alan Jay Lerner,Frederick Loewe	Nat King Cole
7McphnwCoNfmUF8xfDmIz4	Miss U	Kruse,Nuernberg,Teeange Mutants	Kruse & Nuernberg,Teenage Mutants
4InHKArd1x3l1jiRuELeEj	Mas Que Nada	Jorge Ben Jor	MC Joe,The Vanillas
1cJplXaTMuBgA4qTc90MgW	I Forgot	Turboweekend	Turboweekend
781CvX8B4kgvwdfVmWuv94	Cotton Candy (Craig C. Retro Blaster Remix)	Chris Castagno,Danny Blumenfeld,Luke Caswell	Amanda Lepore
6ZhlMEJK5UIO1djk8qx9lm	O Caminho	Bebel Gilberto	Bebel Gilberto
34iWBchBQIeCeqy3yMLP74	En tid av stulen lycka	Haidi Krohn,Kent Fingal	Lasse Stefanz
729IOhIgI8kW0WtgdLCAXJ	The Dancing in Kyle	Duguid,Pritchard	The Alexander Brothers
6tNlelof8u1o8pIq0DBBSB	The Return	Dominic Thomas	Whyte Horses
0u59seilVVIiqnrxZiQPCK	Me Leva Pra Casa	Carlos Roberto Piazolli,Cesar Augusto,JosÃ© Paulo Soares,Mario Campanha,Martinez,Piska	ZezÃ© Di Camargo & Luciano
3ZBFngMpeioFtHj0uryZGx	Salaa yksinÃ¤inen nainen	Laura NÃ¤rhi,Matti Mikkola	Laura NÃ¤rhi
1qgmJ4zIuP3PX0M5Exdv98	Happy Go Lucky	Paul Hardcastle	Paul Hardcastle
1zbFYFFp003w3i6o0foVeW	Moonlight Night	-,Robbie van Leeuwen	Shocking Blue
5pwfHIykTlUJzzniVC18hl	Music	Ali Schwarz,Basti Schwarz,Joy Denalane,Peter Hoff	Tiefschwarz
0EkGVxpPTlO5774mopmmBn	PasiÃ³n y AdiÃ³s	Liliana Gimenez,Stefano Micarelli	Alacran
2XWOFeKVnwP6X4uJL0s9W8	Funk de Fino	Graham Drinnan	Gypsy
2FOBFj915HDE0yfLKmZogJ	Empty Batteries	Adam Woloszyn,Bradley Chester Kochmit,Elias Soriano,Rasheed Thomas,Robb Rivera	Nonpoint
2152wA6Fzj72ouJNABlZMC	Omstart	Eirik Boe,Erik Boe,Erlend Oye,ErlendOye&EirikBoe,Keigo Oyamada	Cornelius
0ygOxj62KAQpaODqo7GVFI	Jigsaw	Gene Shinozaki	Gene Shinozaki
2V7QMzG6hyKXQQ8RVuBAZp	Queens	Her,Zefire	Her
5JKiY5vBCnXPIj5mQHuhJu	Welcome to New Zealand	Douglas Stenhouse,Katherine Rosina Bee	Kath Bee
6F2BORgWIvqv7HgFQ7tUi1	Battle Sirens (feat. Knife Party)	Gareth McGrillen,Rob Swire,Tom Morello	Tom Morello
7nwV6uwksCWKqIhJ2Ri7qM	Massage Lounge Music	Marco Rinaldo	Massage Wellness Moment
2wsZz1q8bhTnP6I1uvmVGj	Lebe deinen Traum	Thomas Hammerl	Oberkrainer Power
2hw3gvVGXnF50DMHnVBwb2	Doesn't Matter Anyway	Jon Oliva,Paul O'Neill	Savatage
6Oq7fsdhGo8YfK9QqhT2HW	Tearing Me Up	Matt Shelton	Wolverines
740FyKQuCtseWohjEtW2c0	Everything	Christopher Cross,Rob Meurer	Christopher Cross
666oy0OHH5qGtJgTnC6tfA	Hello (It's Me Are You There)	Thilo Jacks	Jaqee
3W3P5rOSOP6gxqZFzSe8xL	Sur mon epaule	D. McNeil,E Anais,Philippe Lavil	Philippe Lavil
1cEX1AYeEul6KJzUvweWdK	Got To Cry	James Brown	James Brown & The Famous Flames
7Fx9WpTSXLTQux8MrXEGkU	The Forest Floor	Christopher Johnson	Baba Bubo,Kri Samadhi
4199BdsVeDq0CN0HQpHfQ4	Orange Loft	Marcel FlorschÃ¼tz,Thomas Knoll	Boss Axis
7M0GaGDy4MMGZxiVMZjMja	Chillout 69	Marco Rinaldo	Beach House Chillout Music Academy,Chillout,Ibiza Chill Out
6hWOzchcVbVHuyA5Mb88bs	Secret Agent	Philip Glass	English Chamber Orchestra
2mkRpRkO1rMnUB6b9fEvYE	Just for Her	The Last Resort	Logic
08r5ou7k9ZaLiHN8TX5RWo	One For My Baby	Harold Arlen,Johnny Mercer	Robbie Williams
52gNbUZRu5pY9l5e1ahtkS	A Thousand Years (Sax Melody)	Christina Judith Perri,David Hodges	The Rubber Band
7dGkM8V2ONUzPfQ9FdHOVf	Recercada Romanesca	Diego Ortiz	Capella De La Torre
1M3S6bnTa3mRMLUZqzkUbA	Brand New	Brooklyn JovÃ© Pakathi,Jacques Du Toit,Luca Ronald Zeeman,Nicolas Gonzalez,Wesley Smuts	Climate Control
0xdhqG3HQBOBviaMEiPgHR	Tap Tap Tap	Drumcorps	Drumcorps
4EzUG55GQmovhxjqUWSiYo	Gate 3	J. Ginzburg,P. Purgas	Emptyset
4yoi5sglz8YR3SX2WwPpgC	Our Father	Brooke Ligertwood,Jonas Myrin,Scott Ligertwood	Hillsong Worship
2uYnPIbuOAAT6h0pLgF4vQ	Sandman	Michael E	Michael E
5cR93FH9SJKzkS6QhPHg7W	Llamame	Emmanuel Horvilleur,Rafael Arcaute	Emmanuel Horvilleur
6v8FXSmKMFGwFp23wK1DXD	Tell Me	Allan Ayque,Louie Ocampo	Joey Albert
73liEZrnhX2XNXSLifO2xM	Get Away	Andreas Dyre Odbjerg,Andreas Kongsted Jensen,Ben Cauley,Daniel Thorup,David Porter,Haruna James Wasajja,Harvey J Henderson,Ida Kudo HÃ¸ffding,James Alexander,Larry Charles Dodson,Steffen Simon Aba,Willie Hall,Winston Allen Stewart	Kongsted
3swIgDTjS5zcmsVzvTeTMr	The Unicorn	Shel,Silverstein	The Wayfarers
6rOP9e8fg8PBe5qyJzKvVa	Violet Hill	C. Martin,M. Buckland. W. Champion,R. Berryman	Vitamin String Quartet
7oIPYcHVsiDZSrHYeA0ogg	Real Love	Adrianne Elizabeth Lenker	Big Thief
7wZIqkXJOFzhr49aWNpsTw	Spinoza	Edward Bartlett Joyner,Grant Evan Widmer	Generationals
6o6OO0SPFoIDM7j4zrvuNg	Rigor Mortis	Cyril Neville,George Porter Jr.,Joseph Modeliste,Leo Nocentelli	The Meters
4BoNrxrQ6V0iKkExokBoKO	Train Song	Danny Fishman	Danny Fishman
1BTzAdZzbFTMOhnpdnVYJ5	Ladies & Gentlemen	Giordano Trivellato,Giuliano Sacchetto,Tobacco Music Edition	Pilates Trainer
4sb1gNU7avV9MXMTA4Rj4l	Quintet for Horn, Violin, 2 Violas and Bass in E-flat major, K.407: 3. Allegro	Wolfgang Amadeus Mozart	Endres Quartet,Sebastian Huber
513XZUPAD0HDmvu6YnR4Ga	National Breakout	Jimmy Marinos,Michael Skill,Wally Palmar	The Romantics
1N1gJIwsHY0bAQWQ4GForg	Mambo & Cola	Bebo Best	Bebo Best,The Super Lounge Orchestra
0vF8iE7IpyU9zVFlkvyjAB	Drop in the Bucket	Bob Dipiero,Kix Brooks	Brooks & Dunn
7kXHxtI2Gx5xnnN3vwjCr8	Driftin'	P A Greenbaum	Gary Moore
7FAX4dW3nnxrj44TqLhL6u	La Villanella, Prima parte, Pensieri amorosi: Avrilla mia	Giovanni Girolamo Kapsberger	Christina Pluhar,Hans-JÃ¶rg Mammel,Johanette Zomer,L'Arpeggiata,Pino de Vittorio
1ZWqjA85CPleeQHeWMPcMx	Being with You	Bahram Pourmand	Bahramji & Mashti
03PODiWrfNQ5s5gRwMPsv3	No Place Like Home	Blake Andrew Keeping	Xavier Blake
2vR9jqzDP339D6cFAnytV9	Chronia Polla	Giannis Mplathras,Tasos Mplathras	Dimitris Giotis
6DIktdaHbe32xcqQkpEycq	Ragismena Matia	Vasilis Saleas	Makis Hristodoulopoulos
3MEjLuXVGxrFBLUUmq0lni	Night Time	Billy Strayhorn,Duke Ellington	Duke Ellington
50J6OByPbz5TYqAP0llB6z	It's Me	Mikkel Storleer Eriksen,P. T. Jackson,Tor Erik Hermansen	Joe
7p22i75SXIAhyumjy99v4t	So Many Pros	Calvin Broadus,Pharrell Williams	Snoop Dogg
6fPPRL9mdV96jPcfZWRCJU	Sunrise	Ciaran O'Hagan,Denis Ferran,Dermot O Hagen,Mairtin Mac Cormaic,Micheal Proctor	Waylander
68w1iX1hdolfLsJSfqwjQj	Nocturne No.4 In F, Op.15 No.1	FrÃ©dÃ©ric Chopin	Maurizio Pollini
0pZs36idY8uJ5PwOFGUn5O	Grasshopper	Nathan Furst	Nathan Furst
33GbF5eIO6AKQewAao00mU	Fucking Friend Part II	Thomas Roussel,Yannick Granjean	SomethingALaMode
4bkT8iMD5Zaw9dhixEGykl	Roughstock Riders	Steve Forde	Steve Forde & The Flange
6fcssDZKqYhjGvjqNl3xhC	Frappe'	Stranger (Oleksandr Shevchenko),Stranger (Stefanos Gkogkakos)	Strange Yaga
6l09c2CTcYqBhDfLGcQIq2	Medicine Weasel	Nick Pickett	The John Dummer Band
2uvTsEZExVjUochkvi0oF6	Mangle	David Cutter,Dyalla Swain	David Cutter Music,Dyalla
0z6xGK2u3nSsbk9XeKYwZQ	Flamenco Bolero	Carlos Gomez,Gustavo Montesanos Gonzales,Maurice Ravel,Tino Di Geraldo	Gustavo Montesano/Royal Philharmonic Orchestra/Carlos Gomez
4lFTM7ESXwW1LF6OD7BHmS	E-Ne-Me-Ne-Mi-Ne-Moe (The Choice Is Yours To Pull)	David Jones,Derrick Jones,Johnny Bristol,W. Brown,Wade Jr. Brown	The Jackson 5
0z0daz3KNGeSVxM6Qe0smA	Port Na BpucaÃ­	Cillian Vallely	Cillian Vallely
2Fv1gdO61J4vLp1bq0lT1g	If I Had Any Sense I'd Go Back Home	Rose Marie McCoy	Dr. John,Irma Thomas
7bylr8wnu3JviCT30GM1Va	Smoke Gets in Your Eyes	Otto Harbach	Earl Bostic
184TJwsbJeji7SZPhnKyKR	No. 8	Brady Watt,Patrick Baril,utril rhaburn	Statik Selektah
2CcvYEMyJkdrSSroblMW5P	FaydasÄ±z	Murat Kursun	Ayhan AÅan
2X5IoY7eKXEmVSypB065f6	Vinyl Concept Tape, Vol.1 Index N09	DJ Kaze	DJ Kaze
2dd58PbAp6Nv8ux50XbLb6	If You Give Me Your Heart	Jimmy Lewis	Little Milton
3xInfkcNCM3WkEhLWq21uS	Hold On For Your Life	Blake Bollinger,Sam Tinnesz	Tommee Profitt
2KGkKOny2fds0NAFSNJBR6	Will You Love Me Tomorrow	Carole King,Gerald Goffin	Bobby Vee
3WVM49k4ID2lpgLjd55vzN	No Worries	Gary Allan,Odie Blackmon,Pat McLaughlin	Gary Allan
7kFovgV7zKSKguLgsyGhGI	Four Twenty Seven	L. McMillan	The DJ Producer
0gNzvlgWwOfrix6BaOeFVo	For Heavenâs Sake	Don Meyer,Elise Bretton,Sherman Edwards	Wes Montgomery
7FEvUEbsfQmMqgkPN5TKZc	Onda Do Arraial	Armandinho,Dora Vergueiro	Armandinho
75YS5bfQSol8GCoAvbmNaN	The Golden Age of Rock 'n' Roll	Ian Hunter	Mott The Hoople
1VUjE82FR4JcmUakYBVTTn	Fark Atiyor	Sinan AkÃ§Ä±l,Tamim Gallal	Sinan AkÃ§Ä±l
0Tasv0fVj3DE7bGiuxwQp2	Schattenspiel	V.Bertelmann	Hauschka
5P9JSDgtyv01U04yUXDL7u	Pretender	Klaas Gerling	Klaas
0caUoX71D8MNwFagsN5QzF	Teddy Acapulco	Zsolt Jakab	Vono Box
3fj6YntHiA9D9wbOy7sA8c	Big Blue	Jan Hammer	Clarence Clemons
04zIl0G0yzmRuBYWB8im1f	Shine	Justin Clarke	Congress of Animals,Justin Firefly Clarke
7iAQj0IxTJ5Zw6Ar9oP2fV	Games	Demi Lovato,Sean Douglas,Trevor David Brown,Warren Felder,William Zaire Simmons	Demi Lovato
4wIJhBXOSCWtCtmgYNoB67	Burning Passion	G. Vern	Francisca Guido
6jweF2IOIwxjYQ7pXFwpwX	Heatwave	Jay Watson	GUM
3XEx16BTvG62jF4bnB4S6v	December, 1963 (oh, What a Night)	B.Gaudio,J Parker	Broadway Singers
4dY97GUDuUSkx8HajakKS6	All in Black	David Haley,David Hill,Tony Forde	King
2tpiNIdAInCVopLATG1dan	River of Pain	Luke Morley	Thunder
6xRMUk4GauxcipDHS4Lt2r	The Battle For Straight Time	Carl Newman	A.C. Newman
4D45h765OwTlFEUJSYRSRo	Violin Sonata No. 1 in G Minor, BWV 1001: IV. Presto	Johann Sebastian Bach	Aaron Rosand
5pNrZgIiBeKnK5lGvgqnKi	Sunfall	Ben Grayson,Jake Mason	Jake Mason Trio
75qoUC3RbSjDi3D1tgZFlI	Piano Quartet in D Minor, Op. 25: III. Allegretto grazioso	Dora PejaÄeviÄ	Oliver Triendl,Quatuor Sine Nomine
5UwEOdcJfbATw8iNU3JVMu	Sana Ikaw	Mark Escueta,Michael Elgar,Nathan Azarcon,Ryan Peralta	Rivermaya
13zOGnAr2Rpcbp2agucROW	Streamlined Cannon Ball	Roy Acuff	Roy Acuff
56aDDLjXsX3mblX2YTG3b9	Please Please Please	Adam Olenius,Carl von Arbin,Eric Edman,Paola Stenborg,Ted Malmros	Shout Out Louds
5urhUYCBXmsPEw00gY5hab	Domn Al Domnilor	Gabriel Gorcea	Speranta si Prietenii
6nsZ23hRFXCVkk9NwuzAz0	Sidewalk Safari	Caroline Polachek,Kurt Feldman,Patrick Wimberly	Chairlift
7GV2C2AwDJO5eXi3xlnuiJ	Hymne A L'amour	Marguerite AngÃ¨le Monnot,Ãdith Piaf	Emma Hamilton
5rN0wuSZzpth7FquoCoryM	Friendly	Anita Skorgan,Jahn Teigen	Debrah Scarlett
16AcDrHtbRxGg4BT5JJPcu	Tenebrae	John Maus	John Maus
1rSvlJ7qFB4MBMSdMFvTDu	Dance - Radio Edit	Max Manie	Max Manie
3HR2NYZi2TpOd7f1krzH5j	Sunday	Mitch Murder	Mitch Murder
3NwRKOcOr7XYtECPXiq5Bi	Habiba	Bappi Lahiri	Bappi Lahiri,Rema Lahiri
5JsqDtMr2kndvBcOmMZBDk	Non-Handler	Mara TK,Riki Gooch,Wairere Ropata	Aja
5z0pKiEk0me8RdNYh4gOvj	You'll Never Find Another Love Like Mine / A Lovely Way to Spend an Evening - Live	H. Adamson,Jimmy McHugh,Kenneth Gamble,Leon Huff,See Subsong	Lou Rawls
7DNzzksJEjF02iI6Tzee0H	The Mentalist	Brendan Galdo	Mr FijiWiji
5z710Bjr3HE141G8xp2GCI	Music Will Turn You On	Eric Amarillo,Michael Feiner,Michael Feiner & Eric Amarillo	Eric Amarillo,Michael Feiner
58PK6gJRV7t0fg4LIfLyMP	Morricone: Cinema Paradiso (Main Theme)	Ennio Morricone	Gil Shaham,Hollywood Bowl Orchestra,John Mauceri
1VjlgGf4eDTRx5wOtnYg1f	I'm Coming Out (Live in Paradiso, Amsterdam)	B. Edwards,N. Rodgers	CHIC,Nile Rodgers
2MwBR7mkF4faZC3Sk1r4Xf	Sousou Fuitsu	Satoru Kosaki	MONOGATARI Series
3s4PkQXPBnSn1kQsXokZrp	How Come	Everton Dr. Cave Moore,Howard D-Steele Christian,Jah Seed,Miguel Collins	Sizzla Kalonji
5l7bd81MKwsV99RwJWi8pk	The Last Time - (Original Single Mono Version)	Keith Richards,Mick Jagger	The Rolling Stones
2m2RAysdWK3sYTbHgpzMRJ	Steal Your Heart, Pt. 1	Stephen Jukes	Vigo Thieves
6oFpcTYaGaQreDngvJ6at2	"Saarattu Vandiyila (From ""Kaatru Veliyidai"")"	A.R. Rahman,Vairamuthu	A. R. Reihana,A.R. Rahman,Nikhita Gandhi,Tippu
76BCylUSHG8iytoNWsc4XJ	I'm In Control	Aluna Francis,Andrae Sutherland,George Reid,Mark Ralph,RÃMANS	AlunaGeorge
23LB3YWbTM9MESZcMBnJTP	Mr. Hide	Bob Gaudio,George Fox,Kim Tribble	George Fox
5lvjdiwlQl0MaDMJMxqV5t	Zamba de Usted	Ariel RamÃ­rez,Felix Cesar Luna	Raly Barrionuevo
4wyaJ3ZInT47IDOvU3opQ0	Innertrio	Jan Johansson	Jan Johansson
7B8qiDJMjdmH4K9mSpSjLj	Gotta Go Now	BenoÃ®t Fournier,Cedric Floc'H,Eric Digaire,Tristan Nihouarn	Matmatah
1CbVW4053T6y8dOJ7L3zsj	Love Myself	PAENDA	PAENDA
1FxMb2yvaz5gRU0KmPKSiR	Later	David Iveland	Side A
0jpM2MprPc1ZIkFyTIMCbZ	Get Down	G. Christakos	Agent Greg
7cdICKRLjbxhKRj08fUn6V	O ccafÃ¨	Domenico Modugno	Domenico Modugno
2P13nYRUuSQm7TYXNU4775	Rainforest 2	Istvan Sky	Istvan Sky
6kSZp7FgMMAyYLYCQ4IF4U	A Little Honey	Nathaniel Rateliff	Nathaniel Rateliff & The Night Sweats
0Hon4VjjGuargnbsulYPNl	Benediction	Philip Riley	Philip Riley
0Dijxf5cEB28x33QAJ6vwQ	Relaxation & Calm Music	Marco Rinaldo	Sleep Lullabies for Newborn
7y2znS8w8fHcis4ilDIPei	One Hour Stranger	Fjordevik,Kristensen,Lind,Magnusson,Nilsson,olofsson	dEMOTIONAL
0MjWzsVZ0YizCtDfDhaebv	Country Girls	Eddie Setser,Troy Seals	John Schneider
2PMLdLt5QeOuOgxfAvx1in	Sofazinho - Ao Vivo	Breno Casagrande,Filipe Escandurras,Samir	Luan Santana
1qveFFPjSoh8J7hF8wlbDv	Hollywood	The Puppini Sisters	The Puppini Sisters
1xvyONURA5bv2SQ084giiB	Stand Proud	Jin Hashimoto	Tsuko G.
7yE6BJqP3o4nXedQTqbvvY	My Day	Lisa Vischer	VeggieTales
3ZXXICXomdXPfPEDWqrSM7	Purlieu II	Beshken	Beshken
072BRkqirHkwUSSuo4fawm	Raw Movements	Michael Collins	SunPalace
2LMQsKaHXa3VLLpovjHi67	Emotional Winter	Danny Cavanagh,V. Cavanagh	Anathema
1yiNOnBpl8qZvVg34fOkbW	"Castor & Pollux, RCT 32, Acte V, ScÃ¨ne 4: ""Qu'ai-je entendu ! quel bruit !"" (TÃ©laÃ¯re)"	Jean-Philippe Rameau	Agnes Mellon,Howard Crook,Les Arts Florissants,William Christie
5gNM6lnstdwcoaf6n7dqzQ	Just Wanna Be Loved	Joi Cardwell,Mark Kneppers,Oscar de Jong,Wim Plug	Kraak & Smaak
56qapkyi4PQ1gkkkuhs1oC	The Moon Beckons	Nick Glennie-Smith	Nick Glennie-Smith
5vaQMrGULy9hFUEKX6pvZx	HÃ³fehÃ©r GyÃ¶ngyvirÃ¡g	Kerner Tibor,KÃ³fity Henrik	Royal Team
1BIkLXNZ5Am5LjYO6M9BgV	Be You Angel, Be You Beast	PÃ¤r johansson,Satariel	Satariel
3V1jj9YzYD9I47jMIauIVi	Popeye	Sammy Lerner	The National TV And Radio US Archives
460XLaLG1f0WpucGsGUtaR	April Skies	Collette	Wardell Gray
45e6nU5KCW0ui0zZimxrQB	Coco wa ngai, bidendela, ana	Luambo Lokanga,Vicky Longomba	Faya Tess
0d8QLXljZsBbGAoprlsN9u	Sweet Marie	JÃ¶rgen Gillstedt	Snakebite
4GKSdx5iCoR9YmGXSFZn3D	Basic Training	Alexandre Desplat	Alexandre Desplat
6cODazhdUk1LAJS9KeBx0J	Foodplay	Harry Gregson-Williams	Harry Gregson-Williams
5USlCojuOICyGd8tqmO8Z4	Ciaccone	Bernardo Storace	Jory Vinikour
70cpfU2vjAiLbj4baeEeKc	O Amor Em Paz	AntÃ´nio Carlos Jobim,VinÃ­cius de Moraes	JoÃ£o Gilberto
6szV44UqRyWzZDcx4hIxRR	Words	Arjan Bedawi,Carl Garsbo,Marlon Francis,Naaz Mohammad,Timo Dirksen	Naaz
03U8IwhNay1a8cHAJ7N7yf	Ride Remix	Faheem Najm,Johnny Mollings,La'Ron James,Leigh Elliott,Lenny Mollings,Maurice Carpenter,Tremaine Neverson,William Ross	Ace Hood
2EWSm0Hll3nNnZyRQYpV5V	Fantasia No. 6	John Jenkins	Fretwork
5KYPATsYxRlj9QvMXjDGWz	Rainy Dayz	Alvin Joyner,Andre R. Young,AndrÃ© Parker,Brian Bailey,Duane Johnson,Irving Lorenzo,Jeffrey Atkins,Marquis Holder,Roger McBride,Royal Rosheam Harbor	Mary J. Blige
1GJTPtRLaBVxIhZwRCn4UI	Ghetto	Jonathan Rotem,L. Hazelwood,Obie Trice,T. Neverson	Obie Trice
7z34XHPc3f5saSR3mGzvKh	I Want You	J. Pierce	Spiritualized
5XcW7V5eX1hUI2WzvpIFBp	Sensation Rag	e.b.edwards	Swing Dance Orchestra
4KcMrJ5PNTp9xUGOrRJIlM	Canine Euthanasia	Warren Fitzgerald	The Vandals
6KU5tgxem60MZpHShmFfz5	Il Rosso, Brando	Andrea Falconieri	Alessandro Pianu,Erik Bosgraaf,Izhar Elias
5wED132rJAkk3fKlvHYilt	Brass Fanatic	Axel Boman	Axel Boman
74AOTyTDm6Fo6l223PcY9s	After Love	Guy Gerber,Shlomi Aber	Guy Gerber,Shlomi Aber
4wWnssWXRhfvAGphyxWewj	Gun for Fun	Chris O'Connor	Painters and Dockers
06339owDc0JuH2pttTLsAP	La Vieja	"Francisco DÃ­az,JuliÃ¡n ""Cachilo"" Diaz,Mazzanti oscar"	Soledad
4xCigdS9CK9e0ZTvOnwznd	The Squip Song	Joe Iconis	'Be More Chill' Ensemble,Gerard Canonico
7GdQZQqLIl8lz1DvKTKUXu	Whirlpool	Xavier Rudd	Xavier Rudd
0Rc8QoCFBNYduxkPSRlmkV	Tristeza do Jeca	Angelino de Oliveira	YamandÃº Costa
1JfIEk7aEkBnASi0dDoI0e	The Other Side	Dylan Mills,Ron LaTour	Dizzee Rascal
5Px4F3yOgfBj2XUYDPVm6n	Honey	Erol Sarp,Lukas Vogel	Grandbrothers
5mReKXLtTLyLlv0LaIHSXy	Diaspora	Koffi Olomide	Koffi Olomide
5mPfIH7BMZ3RyN5yvluBr7	Just Wanna Be Loved (Art of Tones Remix)	Joi Cardwell,Mark Kneppers,Oscar de Jong,Wim Plug	Kraak & Smaak
0xcP3WHTY6cUzOYLeN0RC2	little/MOUSE	Teresa Suarez CosÃ­o	Le Butcherettes
7sV0zB34oW8xIA8ZoeUsds	Ami, I'm Sorry	Lisa Loeb,Marvin Etzioni	Lisa Loeb
3cAWxaiX62yYW6FjtpXIdQ	Muskrat Ramble	Edward Ory,Ray Gilbert	Louis Armstrong
5iEtLZ8JPtDWOmbk0RIwFD	Liebst du um SchÃ¶nheit	Friedrich RÃ¼ckert,Gustav Mahler	RenÃ©e Fleming
70jWbqlJBTKkyZ4Qky3tAX	It Doesn't Get Better Than This	D. D'amico,Da Band	Alex Band
6vIIOevKsrslOQUz6Sfka6	Havanna	Cuban Latin Club,Orlando del Rio,Ty Ardis	Cuban Latin Club
1Bm0Kgy0pTNkh1MHq7FnHq	Talk About Nothing (Not Your Dope Remix)	Harry Francis Murfet,Nathan Lee Austin	Cadre Cola
1ynf0kNmPygT2M6M75hbKg	Lost Yourself	Stefan Unterpertinger	Graveworm
16aMCzYHia7cDE1eH8MF0S	Storie che non esistono	G. Pellino	Neffa
7h6oFIlR8ZoL67pYXfaTle	Increase Sexual Stimulation	Marco Rinaldo	Tantric Sex Background Music Experts
4sLSkZoceecBC6TwM7HpYJ	Calling Out	August Rosenbaum,Philip Owusu,Robin Braun	August Rosenbaum
5fU4FQE7W3rnFuUXBoJq5D	Wyatt Erp	RIGHTS OWNER OF THE MUSICAL WORK	TV Themes
7muWVgLzhTUTJRRYgN1pwy	If You See Her	Mickey Newbury	Waylon Jennings
0bN2lwEQWy3FWFJZIkr24K	Spanish Castle Magic	Jimi Hendrix	Yngwie Malmsteen
0JmPtDU7N2bFvNhuU8L8qE	Din Din	Ane Hebeisen,Mariana Da Cruz,Oliver Husmann,Peter Hertig	Da Cruz
1dmPjRK3UyUbR9ycz9cEBr	So in Love	Kris Bowden,Mark Pierce,Scott Pierce	Emeskay
2r0QXcsK7wTnGDlokzofKk	Kick It Up	Andy Byrd,Jim Robinson	John Michael Montgomery
0rpVZvCVqz87ZUJut3QxsB	Hell Yeah	Maurice Minor	Kurd Maverick
4fEbSNbzdXpZl8KnAzu06o	Paresse	Alexander Hitzler,Martin Czihal	Schwarz & Funk
2BMv5bEDjR3NjTbNiu2yRI	Sword Dust	Triple Darkness	Triple Darkness
4TYpRZa8eEw3xVZ5nWVK3v	I Don't See Them	Anthony Naples	Anthony Naples
1IInoDwfiF8eGwW1CVY8AO	Ilegal	Doctor KrÃ¡pula,Mario MuÃ±oz,Nicolas Cabrera	Doctor KrÃ¡pula
3gOESsDWZiDbVukRuVY8o4	Sleaze - feat. Mistajam	Gareth McGrillen,Peter Dalton,Rob Swire	Knife Party
7HURunzDbmwpRdFRdlFE2m	Let It Whip	"Leon ""Ndugu"" Chancler,Reginald J. Andrews"	Dazz Band
2E7qUzehn4ZX1WTCdlGWQf	My Black Nina	Freemurda,RZA	Freemurda,RZA
1TJn6Rwga9QlIekLJlpcoQ	Rain On Me	Louis Biancaniello,Olivia Waithe,Sam Watters,Steve Kipner,Wayne Wilkins	Cheryl
6TP07awwT0tSmT1GcsNrZL	Matrix	Chick Corea	Chick Corea
2dCgZocKF09Hn2WpuDp5Li	Baby Obey Me	Jerry Livingston,Raymond B. Evans	Dean Martin
2HcLso8p1FxESRY8Ot2y20	Nobody	Brenley MacEachern,Lisa MacIsaac	Madison Violet
114zOttMKPFeYkcs5sWsqn	Magnificent Time	Fran Healy,Tim Rice-Oxley	Travis
5Jztsk5SjfnvurAUrr1Md5	Starslide	Behdad Nejatbakhshe	Uppermost
54ydS9wT5ZhjEsFS6CWht8	Un Milagro	David Santisteban,Luis Fonsi	MarÃ­a Parrado
5RyK2UgU1ffb7EpRK7lAJZ	Flight	Claudio Gizzi,Stefano Torossi	Claudio Gizzi,Stefano Torossi
5Llim3aOsDEIgS1evCJAL7	Indian Girl (An Adult Story)	Ricky M.L. Walters	Slick Rick
2o1FJBVmF10oJkz03QPFrA	Filthy Rich	Big Kenny,Bill McDavid,Freddy Powers,John Rich,Sonny Throckmorton	Big & Rich
40OdmkoiOKftbnXCQZViYL	So Much to Lose	David Andrew Crowe	Mammoth Logic
12OSQA3NPtF7nrKxvElScX	My Eyes	Alana Watson,Daniel Stephens,Joseph Ray	NERO
199Fy0vc6T9KokWHyjEy8k	Sol Clap	William Holland	Quantic
1y0WfUtwRocIW8wcIqFwL8	Shark Fin Soup	Task Force	Task Force
2i23heVWZKR43RtH6npq9F	Limbo	Tom James	Tom James
0TTic1h7jX0wD90OtxTVPm	Stella By Starlight	Ned Washington,Victor Young	Bill Evans,Don Elliott
76jidasGrB3dvVsU9N3bov	Toccata for Harpsichord No. 10	Johann Jakob Froberger	Gustav Leonhardt
3V017bOkU9fpx4u1L79knQ	Cahil	Anonim,Serdar OrtaÃ§	Serdar OrtaÃ§
0xUE0pPfaap7pLtRJg0yTh	While I'm Waiting (feat. Chandler Moore) [Live]	Travis Greene	Travis Greene
41dJosCDWSR5gaEbbBcWBT	Catch Up	Arjun,Chadley Chichester	Arjun
34elYAG8Y8rTjUZeKYEvoz	Small Town	Daniel Davis	Folk Soul Revival
43dDyDmee4iBC81DU3SMDf	Already September	John Scofield	John Scofield
2fVACgOQz3KTN71UA5jRwy	The Weight	Robbie Robertson	Rotary Connection
2r3O3jtegiaBIW8Bjwfcpu	Skicka ett vykort, Ã¤lskling	Per Gessle,Robert Van Leeuven	Gyllene Tider
2sUHPP7o9FjYwWYEw5z4eQ	Apple Green	Deighton,Matt Deighton,Shauna Greene	Mother Earth
3Fc3ebtKWh6ScXTpUSNOEs	Coming Back	Dorothee Froller	Dorothee Froller
0RWJoWqi16l3qNOjNwOSvg	Green & Gold - Donnie Trumpet & Nate Fox Remix	Jamie Lidell,Lianne La Havas,Matt Hales	Lianne La Havas
3CKQ4x2YYJafE7xr5IQ1fo	Drive Me Crazy	SAK.,Yuzo Koshiro	Yuzo Koshiro
18KZDHAWXexbNz4gGoYET0	Fatherless	Chris Ankelein,Johnny Smrdel,Joseph Musten,Matthew Harrison,Mike Rich	Advent
77IJaZ12nJcA9OmgRjGGcX	My Romance	Lorenz Hart,Richard Rodgers	Art Farmer
4fRRQEwWgqY4ke1dzukRnY	Matrimony	Delano Ogbourne,Vincent Williams	Jigmastas
4CznXg3DyWsyojCHdsJWeR	Born To Love You	James Todd Smith,Jean Claude Olivier,Samuel Barnes	LL Cool J
46V0v9BcDqcg8oReEenUQI	Odyssey	Adam Lindburg	Adam Lindburg
2R7brAzLyY75szQ21ceyFg	Hi Jack	F. Arbex Miro Jose	Herbie Mann
1CG5TmXeu8K6ORC560YMXl	SEASON OF GOLD	Masahiro Andoh	T-SQUARE
51xP6VLYFTaeY3j8rdnI1X	Icicles	The Scary Jokes	The Scary Jokes
4sWimlXQzvPLdSOeFx3ovc	Voodoo Love	CÃ©sar Poupaud,Fred Jimenez,Melvil Poupaud,Yarol Poupaud	Yarol
1m883oVVNSSbrnJq8yEmcL	Chhod Meri Baiyan	Kishore Kumar	Asha Bhosle
20rHQAbh3vgiy9L9ZMNl10	Concealed Revulsions	Aleksi Munter,Janne Julin,Manne Ikonen,Tommi Kiviniemi,Veli-Matti Suihkonen,Wille Naukkarinen	Ghost Brigade
2x5mGxpfvnxBqdDhxCfMaT	One Way	Omri Amar,Vladislav Krivoshein	Ghost Rider,Omiki
6FapD7IiNdHILvOdGvBjNS	When I'm Away from You	Francis John Miller	Rod Stewart
2X5jJin8IE4mFPwwbcLwFC	The Man I Love	George Gershwin,Ira Gershwin	Oscar Peterson,Zenph Studios
0SwSUkjYFMrfdblHQMrU4P	Greater Bird of Paradise	Greg Alston	Alston
3VcCjeMTLLyWOLpoWtRoSU	x ANA x	Alex Espiritu,Anthony Sonetti,Joey Morrow,Josh Katz,Noah Shain	Badflower
5Z6A4GuJkT7zgThefBsNRA	Piano Sonata in C Major, K. 527	Domenico Scarlatti	Claudio Colombo
5eeaQTCRi2lxJ9Lr5vgXB3	Vur Yuregim	Aysel GÃ¼rel,Demir Demirkan,Sertab Erener	Sertab Erener
3rQjxXM0TsDkPTDwxKziTS	Magnificat in D, ZWV 108: I. Magnificat anima mea Dominum	Jan Dismas Zelenka	Barockorchester Metamorphosis KÃ¶ln,Capella Piccola,Thomas Reuber
0QzbgPZ9sbTs7r2wzfcX9f	December '63 (Oh What a Night)	Judy Parker,Robert Gaudio	Jive Bunny
0uiTpFEGJJkgO9Xesj9drX	Ich werd bei dir sein	Townes Van Zandt,Wolfgang MÃ¼rmann	Nana Mouskouri
6xz9XsOzDT3StddvheMGr2	Cry!-Tender	Yusef Lateef	Yusef Lateef
6aQAv3feIhBihOqX5i5n3u	Kailangan Kita	Dilay	Sponge Cola
68QVcjWKpvqjDbnMzt0vSx	Love & Pain	Richard T. Bear	Cher
61MTRaCwlNMmRtfrsFaxd8	Ana Maria	Wayne Shorter	Kenny Kirkland
7wBow19ldOzABXfRG6k05S	Hallelujah	Leonard Cohen	Luciana Zogbi
6bDkorX04ulnY1GuBEY4Ew	Quando, Quando, Quando	Alberto Testa,Tony Renis	Stefano Bollani
4KjBDZps02XJYgQs9i6aUn	Boneflower	Leif Edling	Avatarium
7uM7YZwNZqdDMG0NfGhmux	Jennie (feat. R. City, Bori)	Felix Jaehn,Mack,Theron Thomas,Thomas Troelsen,Timothy Thomas	Felix Jaehn
5lumpPMTjyyRU6FzIRIE4D	Innocence Maintained	Jewel	Jewel
5xLKk5jJZzt3yYhMKjEio6	Diablo	Robert Alexander Kock	Mint & Peck
0wQCiHAgUJdlBdRtdrnLFK	North On 21	Riley Green	Riley Green
1DtLl0k0zMrFqcW0pquxpf	Broken Pieces	Andy Biersack,Benji Madden,JOHN FELDMANN,Joel Madden,Quinn Allman	Andy Black
4zKDv2pqSKALxrzOSYe3vo	Crazier	Pieter Heijnen	Dj Thera
2E7c1UTR3869TXTqMnBJZ4	The Crab Song	Bordin,Bottum,Faith No More,Gould,Martin,Mosley	Faith No More
472ikC5GQtBFFNKtTHugQ4	Lucky One (Bird Of Cassadaga)	Gemma Hayes	Gemma Hayes
606ZgFjTusLlBFumWrJqBU	All We Need	Adam Baker,Daniel Rankine,Daniel Yates,Matthew Honson	Funkoars
6kHqqOeJvN960ZIMJMFSUm	Lam sakrifis	Joseph Reginald Topize	Kaya
3gi3pUEMT48kb9KxC65XB3	Heartless	Christian Bridges/Justin Nozuka	Justin Nozuka
6ktdiJw7nu6lif5oVfFfcS	Fallin' In Love	Dennis Wilson	The Beach Boys
6C3bnP1mVjFqGFDYYQCsOY	Sweet Marie	Phil Lynott,Scott Gorham	Thin Lizzy
7Ix5UHOc8nSHN1DHbPth6T	Used to You	Calvin Turner,Guy Sebastian	Guy Sebastian
7yVzayuhgeqwVYTdecNop2	Don't You Worry	Henry Walter,Lukasz Gottwald,Theron Thomas,Timothy Thomas	R. City
6AY5ATYS9NGiCejvUc4zw8	Serial Killer Girl (Come on, Come on, Kill Me!)	Allan Cotterill,Leo Melin,Snow White's Poison Bite	Snow White's Poison Bite
6rYxiHCUeU3B2N68WGRDkv	Don't Do That	Ben Cauley,Carl Cunningham,James Alexander,Jimmy King,Phalon Jones,Ronnie Caldwell	The Bar-Kays
6e6n9ZA2DTBfuNBfjPNx70	Bump n' Grind	Robert Sylvester Kelly	2Glory
5ZN3SNb9C1W1uUwuInoWpk	Slytherin	Jesus Rivera,Jo Collura	Aja
7FX9uW8pxl6Y5dARuQ1jmK	Otro Adios	Erick De Armas,Marc Berthoumieux	David Linx,Marc Berthoumieux
4tU5YBbLZ9S9NVvjM6Qk78	Treading Water	Daniel Lorca,Ira Elliot,Matthew Caws,Matthew Caws/Daniel Lorca/Ira Elliot	Eyelids
0i1wQzi8AfVatVbqWU1vPb	Sofullashit	P v Elderen Bart Geevers Bart Nederhand,P v Elderen Bart Nederhand Bart Geevers	Peter Pan Speedrock
43wPWBaNsqFuSOWjZQTCFs	Made in America (feat. El Camino & Dufflebag Hottie)	Jeremie Pennick	Benny The Butcher
4s2PuQJZ2twmuT5HInYoCU	Popucale Rebatine	M. Simac	Klapa Cambi
3PZP7o3hN5cvPB4Xfywo1n	Come With Me (Deadmeat) [Feat. Polina]	Steve Aoki/Justin Bates/Polina Goudieva	Steve Aoki
0xFvFyJlc1VrSyIJrR1m4q	Snake Dance Boogie	W. Mccoy	Texabilly Rockets
5j9v9mJFLtaFOyVqMGxYlM	Not Afraid	N. Koster,P. Hol,R. Prevoo,Y. Claessens	Frequencerz,Warface
5oZj3XBim8oKiz2qdRa5Bq	On Your Own	John Paul White,Robert Merrell,Steve Edgehill	Victories at Sea
4yfmuLN5CmcqM7Ui8B77SS	I've Got My Love to Keep Me Warm	Irving Berlin	Ella Fitzgerald,Louis Armstrong
31JKaJ84tBMVdWJ3fwIrPW	Hard To Let Go	Marc Bonilla,Mike Greiner	Saville Row
653SLG28to8TMy7PPyFWw1	Paquita: Variation 9: Allegro moderato	Ludwig Minkus	Anna Takova-Baynova,Sofia National Opera Orchestra,Valentina Raicheva
06d4jJK1ICIj9TYC46Jd2D	Estoy Enamorado de Ti	Alberto Aguilera Valadez,Gustavo Farias	Cristian Castro
0HgUPVwywDUsRLplxYH5yb	Don't Start Lying To Me Now	Chris Stapleton,Joss Stone,Melissa Peirce	Joss Stone
027w33OxIkQttYTlp90x4F	Khovanshchina, Act IV: Introduction - Golitzyn's Journey - Remastered	Modest Mussorgsky	Claudio Abbado,London Symphony Orchestra
4QR0hvHTdkc14U6WYXZdYA	Weighing Me Down	Ben H. Allen III,Elijah A. Jones	The Constellations
6vgN6KGstss0GnBbKlMNK9	The Way You Love Me	Keith Follese,Keith Follese and Michael Delaney,Michael Delaney	Faith Hill
0Jb92UvQ93PUUF7SeLjfsE	Mondquelle (Reviewed)	Bryan MÃ¼ller	SCNTST
6PBvmZieoFbs1YGXLvPWcq	Intersection	T. Howard	Tevo Howard
3oFnmAkRiajWhLq3wTByUx	It's My Turn Now	Richard	Carol Fran
62sUbLrbXg9MU0CtI0vh0l	Ego & Soul	Mario Radzom	Christmaz,Figub Brazlevic
7w21SD55V5mrwo3rFnbHk7	Go Your Own Way	L. Buckingham	KnightsBridge
3UVUSY9ojJhxh1Y6dG8a85	Heart Shaped Box	Dave Grohl,Jonathan Atar,Kurt Cobain	Neovaii
3eODgDqG8r4NLn5nWhW1AD	Di Na Natuto	Danny Javier	APO Hiking Society
1buQsBiaGlP9axbW9ieT5T	Can't Stop Thinking About You	Andres Federico Levin,Camus Celli,Doro,Jack Ponti	Doro
0mmJNAj5oBp4yFdl5m3bKp	Crazy Claws	Adrian Thaws	Tricky
4aVc2ifCwIAbEaaIjzLKbg	Spoil You (feat. T.I.)	Clifford J. Harris Jr.,Maurice Jordan,Torence Hatch	Boosie Badazz
3xsnKTcJnmnS4al7ZiOwer	Madhuban Khushboo Deta Hai - Male Vocals	Kamal Joshi,Usha Khanna	K. J. Yesudas
1knWU0hEPf2VDcwARwvcky	GameTime	Barry Leonard,Cristian Bahamonde,Romeo Jacobs	Rascalz
3OPdvhjvAcFZdrSpPdxaEe	Arrivederci Roma	Emilio Giovanni,Pietro Garinei,Renato Rascel	Alfie Boe
3KeiKsYBjT7fNR9eSIMLoA	Adagio De Albinoni	Tomaso Albinoni	Baden Powell
36jmdNtT1TdvTyvh1iL8mL	When You Wish Upon a Star	Leigh Harline,Ned Washington	Michelle Creber
71uzpv56I1XmTYLa9KtKLw	PositiveNoise	Steve Hillage / Miquette Giraudy	System 7
1yTDBH044bz0jV1arvSDwz	Love Gone Wrong	Alecia Moore,Dallas Green	You+Me
2S15IfzJZoafBih7OMnKYo	Tonight (I'm F***in' You)	C.Bridges,E.Iglesias,L. Christy	D.J. Xquisite
7371PPqXVAPKCL65sA07zn	Do Re Mi	Earl King	Georgie Fame & The Blue Flames
42ojWvyytL0yCyxTCkSya7	I'll See You In My Dreams	Gus Kahn,I. Jones	Chet Atkins,Mark Knopfler
6URAP0pAdBXu5dKvvMeW7t	Secret Love Song	Emma Rohan,Jez Ashurst,Rachel Jason Desrouleaux	Chir Catran
1RJDtvodN0MMS1DfJzLlQP	Mission Bell	Bao-Khanh Nguyen,Garrett Dougherty,Jesse Gnaedinger,Maxime Veilleux,Michael Mooney	Le Trouble
6UCLFSQLMJ0FbMBgTLMUi3	Magnet	Andrea Monica Martin,Chilly Gonzales,Thomas McKenzie Bell	Toddla T
24QAJJqGQV3yEBa5LFxYot	O lux, beata Trinitas	William Byrd	Alamire,members
5bYRN2TNsUYLt1M4xUlY7A	Violin Sonata No. 26 in B-Flat Major, K. 378 (arr. L. Slavinsky for oboe and piano): III. Rondo: Allegro	L. Slavinsky,Wolfgang Amadeus Mozart	Alexei Ogrintchouk,Leonid Ogrintchouk
5C4mq4ekQL0iFtTJEeTilh	Perfectly	Branan Murphy,Eric 'VonRay' Ramey,Samuel Alexandre	Branan Murphy
1CmLBSudllVKfnCnTciIoz	Sweet Love	Espen Lind	Espen Lind
1sOtR4ZHG2vB6Q3Va59pgS	Use Me	Bill Withers	Grace Jones
6InRLwahGZVhnjRBodc358	Faith	Hans Zimmer,Lorne Balfe	Hans Zimmer,Lorne Balfe
31x3XyjoOJFdqEkqVbFPRU	Sunshine Cameo	Scott Howard	Scott Nice
7IEkrYisVLpNX5yzzepXOM	Cuando, Cuando, Cuando	Tony Renis	Al Martino
1CEhGEI3pymF5G2SmAQSMv	Broken Halos	Chris Stapleton	Coffey Anderson
2Fgzeki4gWy9aDeKTcs53I	Fault Lines	Mitchel Welling	Flatsound
3UhkWDIUQYjG2Tyx89fpFy	Suite in G minor: III. Sarabande	FranÃ§ois Dufaut	Jonas Nordberg
78WmeChDlvf0hdRLxGcxnR	Cavatina	Stanley Myers	Manuel & The Music Of The Mountains
05aXAsg0rWjmR2sx19WWsV	Arcade Hero	FrÃ©dÃ©ric Colombo	Red Soda
2dSLeImB0adyDeCwXsqJK4	Broken Bones	Patrick Wilfred Kearney	Sheltered
5tf5Ke4rOITTJCUp0B0d0f	Kocky	Aaron Dontez Yates	Tech N9ne Collabos
2InSUSFsTCCvwt3MH1KSh0	"Space Oddity (From ""Metal Gear Solid"")"	D. Bowie	Thin White Ziggy
3CAPWlE09TVzI7MOOoPN2l	Nutcracker Suite, Op. 71a : 3. Waltz of the Flowers	Pyotr Ilyich Tchaikovsky	Zubin Mehta
3AQL6uB8zw4sN8NIcxiqR7	Red Room	Ariel Pink	Ariel Pink
0TWbgdH5XlVP3PJpfefkga	Cameroon	Dorothy Masuka,Hugh Masekela,William Salter	Miriam Makeba
5wrv56vjZuxuXMpTmDMyBP	Open Your Soul & Life of Illusion	Marco Rinaldo	Nature Sounds Academy
1ZCAtBFscp2W7wXzOb7cUr	Crying Time	Ron Miller,William O'Malley	Brenda Holloway
6kw4nS6uZNghUTlcJv5waS	Winter Wasteland	Make Do And Mend	Make Do And Mend
31yJZPorveMG6c4Z4pej4e	Charlie	Bertrand Cantat,Denis Barthe,FrÃ©dÃ©ric Vidalenc,Serge Teyssot-Gay	Noir DÃ©sir
5zAQ3C9Iyp0lF4Dtzwb8SL	After Dinner	Rabih Abou-Khalil	Rabih Abou-Khalil
3hxNNDSypE7vU4f92njUMZ	Huckleberry Crumble	Robert DeLeo,Scott Weiland	Stone Temple Pilots
2n1aBjdioV9UsgkrpG1gog	Senseless	Nick Barker	Nick Barker,The Reptiles
0OUOJdINh3rm8vjt6GFi1A	The Starship Avalon (Main Title)	Thomas Newman	Thomas Newman
1rhgyeqAYyEbrL4yoUvGXu	Louder	Ben Esser,Christopher Rabai,Johannes Gehrin,John Gourley	Drunken Masters
2yDU9POxlbLzQMpxtvXyMI	Sonata No. 30 in E Major, Op. 109: I. Vivace, ma non troppo - Remastered	Ludwig van Beethoven	Glenn Gould
4mBttyjC6jGoCyvR334Cw6	Bossa Nova Supernova	Mark Pritchard	Harmonic 33
4Up3wFpffIfVz2hWK89fok	Llove	Finn Bjarnson,John Hancock,Ryan Raddon,Steve Mitts	Kaskade
503oeM4t2frMKoRvbvBJrL	Nocturne No. 5 in B-Flat Major, H. 37 (Arr. for Clarinet & Piano)	John Field,Michael McHale	Michael Collins,Michael McHale
2nw9VVlb4NEE28cjj0WdMl	Rough And Tumble Heart	Bob Dipiero,Pam Tillis,Sam Hogin	Pam Tillis
221UZPVC87Vvp1WxAuDKlW	Mindfulness Meditation Exercises - Nature Sounds at Night	Giuliano Sacchetto	Relaxing Mindfulness Meditation Relaxation Maestro
2snYkQ57QayKrDDGX9ztgF	Invencible	Abelardo VÃ¡zquez,Kiko Cibrian,ReneÃ© SuÃ¡rez,Roman Torres	Vazquez Sounds
1rAesyUHFWf8M7kthaToDT	The Wind and the Rain	Michael Thomas	Weddings Parties Anything
3M3V2tL47fYqoB5PauGrIo	Green Apples	Chantal Kreviazuk	Chantal Kreviazuk
3uQYmppnt0r5Ven8VurNyx	Blue Skies	Christopher Applegate,Mary Applegate	Culture Beat
7pNVJuR5zjKja2CwdIrDJc	How Strange	Damien Dempsey	Damien Dempsey
0WUg5fk4x0vIRQU8jFacH8	Dybbuk - Complete Ballet: Part III: Possession	Leonard Bernstein	Leonard Bernstein
3mjzVmRaOQvCRPztINZThz	Armenian Duduk: Forest and Birds	Marco Rinaldo	Buddhism Academy
0hamSAgzh2WP42nAppgdHv	Featherlight	Daniel Bosher,Mathew Bosher	Decortica
4d9aF6f0kmrHjPi8YRzxa5	Bernie	Failure,G. Edwards,K. Andrews	Failure
1yev2XI7Q2STcnHC5McfF0	Guardian Angel/Guiding Light	Keith Potger	Judith Durham & The Seekers
1TSZjXMLBOfiWxejZnlIr7	Too Strung Up	Alex Farrell Davey,Allister Meffin	Alae
6ukdCR332Ramx3X0gLA5FE	I Pull My Gun Once	Jam El Mar,Mark Spoon	Jam & Spoon
652mEzc7Ne12nYHkwkampw	Shooting Star	Les Baxter	Les Baxter
2xddCMVLUGmiWVLCxFXpBq	How Can I Pray When I Don't Believe	Adrian Moar,Goran Lagerberg	Blond
79YpqwBKqkRgTbEcKMHBuj	Italian Restaurant	Marco Rinaldo	Instrumental Jazz Music Ambient
3SYVUv0uygsNGyZ9s1AXbE	Shadows	Lindsey Stirling,Marko G	Lindsey Stirling
37WIQ5vOWq96eachOOYDuH	Legend	Amelia Warner	Slow Moving Millie
61cygfCULkzTnHBp4Ff6WG	Balance	Robert Funk	Soupbox
10jmf7hgNQb5z4dwvK084S	Never Would Have Thought It	Bobby Rush	Bobby Rush
6HK5RYDB1njyKTVbK7rX6j	Magic Beans	J. Oliver,Simon Ward	Dr Rubberfunk
0NiG0BTf7saJINZdyk3Mwe	Learning	Mthunzi Namba	Joyous Celebration
4Y1wrEOONrMegBEQ69XnMa	No Other Name	Paul Stookey	Paul and Mary,Peter
6d99rteulH6Q6eJko26D6D	Taking A Chance On Love	John LaTouche,Ted Fetter,Vernon Duke	Tal Farlow
4zSW3E0qHk9ojQEb6DwZ5x	Proseche	Stelios Lazarou	Giorgos Mazonakis
2wAJTrFhCnQyNSD3oUgTZO	Work Out	Bosco A. Kante,Elliot Wolff,Jermaine Cole,John Stephens,Kanye West,Miri Ben-Ari,Sukmeke Rainey	J. Cole
1w5ZPQOZ2xaQtc4ZrpiZ6F	The Best Disco in Town	Henri Belolo,Jacques Morali,Phill Hurtt,Richie Rome	James Alleman & Le Freak
3CeWWjKy2ck7yB5pFq6ZEG	Milk Cow Blues	Kokomo Arnold	Scotty Moore
2wCBWDwPSyp8DN27jCxXkb	Captain Planet	Jean Renard	Patrick,Sylvaine
6tnKsxXjiOr6v0GgN5rixB	Already Gone (Originally Performed by the Eagles)	Strandlund,Tempchin	The Hotel California's
6DWxk8sh7dNTGLGZQSOHhw	The Cosmic Heart	Barry Richard Goldstein	Barry Goldstein
4NOMZBtqxEBVSMQEBhSuxh	Muttetta antica	Alampi,Roda	Ciccio Carere
0SzV7u67QDDBaGpgihkjP8	Takbiran	Anonymous,Ismet Ruchimat	SambaSunda
1jzlAJsPNPJB2gKR84um0H	Doin' It Wrong	Erik Weideman	1927
3lYajdG8iz6LgFJbQ9oLQN	Au Revoir - Auf Wiedersehen	Jack Veerman,Jan Keizer,Johannes C.H.M. Tuijp	BZN
43WaHxk0ExWRdiDzQNmBYZ	Sugar Box	Christian Harvey,Cvitan Barac,David Griffiths,Jamie Symons	Blind Lemon
2hCeyomux4cPBYNriygKUS	Bedouin Dress	Robin Pecknold	Fleet Foxes
3nI8BtKM8FwNyUwO04eVhk	Freedom Jazz Dance (Evolution of the Groove)	E. Harris	Miles Davis
3gFQXBRYumfPqQ0SOl7p8G	Ma tu non passi mai	Francesco Silvestre	ModÃ 
7KnGGo3Q2A1fQVQEIKvErm	Perisai Kehidupan	Jockie Suryoprayogo	Anggun C. Sasmi
7J1QgFpmefJGGihXnwiZfl	What's Left Behind	Dallas Good,Mike Belitsky,Sean Dean,Travis Good	The Sadies
0eUiHZiEkeMbh2alketeOv	Meant For Me	Manuel Ivan Salinas,Ty Brasel	Ty Brasel
0iR5A7yV9NAsvdiUMTnyH3	Chehadine Ya Baladna	Elias Rahbani,Michel Tohme	Chou Chou
1N6OJLYKXyZfJBt3Kf9UYc	Cat Walk (with Flaco JimÃ©nez)	"Lee Roy Parnell,Leonardo ""Flaco"" Jimenez"	Lee Roy Parnell
5EgSyVU6aWicmT8tMxbh03	Take It Back	Chance McKinney	Chance McKinney
6PL0JnYO0MpHJFB0i6JZbB	I Don't Want To Call It Goodbye	Kelvin Andrews,Richard Scott,Scott Ralph	Engelbert Humperdinck
5sXdLRNhAP1Hxv0uw4aszN	Small Ambulance	Bo Madsen,Johan Wohlert,Jonas Bjerre,Silas Utke Graae JÃ¸rgensen	Mew
7AfBE1UDOoBYk67CE86cnY	Bewitched, Bothered and Bewildered	Lorenz Hart,Richard Rodgers	Benny Carter,Oscar Peterson Quartet
0aKQC9e91ZqaWlBPVPkI1N	Indifferentemente	S. Mazzocco,U. Martucci	Sal Da Vinci
4FnKoHkTMjF50lZgzJ97wY	Eleanor 60	Alexander Manzano	Alexander Spit
43VODMHKJ75ocmUC66ssvK	Cut You In	Jerry Cantrell	Jerry Cantrell
4oT0MlQijy24U5FBSDTr69	Ricky Bobby	Romvn	Romvn
5IO5VgbqK6i4kEVLtjbbZZ	Born To Kill	Joel O'Keeffe,Ryan O'Keeffe	Airbourne
6fO89POwgsJbDj8Wn1mCmt	Confident Journey	Craig Walker,Martin Eyerer	Craig Walker,Martin Eyerer
4RN9ngy6irGId8ZJocsADB	Birds	Dan Carey,EmilÃ­ana Torrini	EmilÃ­ana Torrini,The Colorist Orchestra
2p1dSZMEKvocJ0KNixe5v8	Bold and Black	Eddie Harris	Ramsey Lewis Trio
616iKp4C8dXRN9hxpeHKeq	Stage II (å±åãååº«)	Capcom Sound Team	Capcom Sound Team
7uNNjZQSmyZuJ64YL1YfAN	Goodbye Girl	David Gates	David Gates
6holGuk1jKHTdWyWBOZi8l	My Generation	Fred Durst,John Otto,Leor Dimant,Samuel Rivers,Wes Borland	Limp Bizkit
3TRS4s3nKghYBRN0A96Bxo	So Sad	Barry Reynolds,Marianne Faithfull,Stephen David York	Marianne Faithfull
45RvCCiZVCsm7IREzpzJxx	My Prayer	Jimme O'Neill	The Silencers
1UPPZqnsMpVsc0ZNHmOMXe	I'm Leaving feat. Anthony Mills	Ben Chijioke,Drew Horley	Ty
74ytfnp18eIMQ235LndARF	7/8 Not Too Late	William Barton	William Barton
64kKPXrENKTvpzxl0qLaBD	Sunday Kind Of Love	Anita Leonard,Barbara Belle,Louis Prima,Stan Rhodes	Charles Brown
7Aeo5Qxsmb1A8g9TLB2Hdg	Hou My Vas	Johan Ferreira	Joe F
1G7AYvz95ouZmRlMYna97i	The Channel	Fred Durst,John Otto,Sam Rivers,Wes Borland	Limp Bizkit
408h4oa9ryr44YGJqJmdDP	Piano Concerto No. 1 in C Major, Op. 15 : 3. Rondo (Allegro scherzando)	Ludwig van Beethoven	Ludwig van Beethoven,Steven Lubin
667tbVZvnYHOyDOFbEZtnV	Operation Margarine	Gareth Roberts,Joe Forshaw	Man & The Echo
2eqWp5xGwegOPMxQSA1CJS	The Ghosts	Murray Gold	Murray Gold
47H8NFQgMR0mAX6eiJSc5r	Hacked My Instagram	Jordan Jenks	Piâerre Bourne
10mt6qEMgy09wrkYSSMDve	O Rahi Re	Javed Akhtar,Shankar-Ehsaan-Loy	Shankar Mahadevan
72pCDs1X22MUO8zTTazm8r	Baby Hold On To Me (Slow Jams Version)	Edwin Nicholas,Gerald Levert	Gerald Levert & Eddie Levert
2JCUUOXc042Sso3bke1nNT	Best Times	Kenneth Crouch,Renee Geyer	Renee Geyer
0zg9Szskaf0GRfljxk3fr7	Spring Music	Lucy Simon,Marsha Norman	The Secret Garden - Original London Cast
76s6kLtOexp16pNNedVS8l	Freedom Fighters	D Washington	Delroy Washington
0aYv4f0mxsMKdeHmeucT8I	The Left-Sock Thievers	Eugene Poddany,Marty Gold	Dr. Seuss
6Db0hvSEfFSYUpunsDUVPT	Superman	Mary Chapin Carpenter	Mary Chapin Carpenter
5CGJ8rHpXBYgn9IpXOUh00	A Glimpse Of Happiness	John Lunn	The Chamber Orchestra Of London
46xlEXt0Jc5VHGYLG2HlpZ	Aviation	Alex Turner,Miles Kane	The Last Shadow Puppets
4VVjzMHobLHTJES2J75jBv	Kontaminazione	E. Bigi,P. D'Errico	Bossa Nostra
5z0fDP6XZqF2uTJHQpjDnJ	Soft Hand	Fisher	Willard Grant Conspiracy
79U2Ec6M3fNVPuRVJFi3nZ	Wrong Reasons	Antonio Nunzio Catania,Ernest Bordon	EbGb
3ESWV2FpjPxGMsRF256o0W	Trendsetter (feat. Jake La Furia)	F. Vigorelli,R. Nonnis,Vacca	Vacca
5eVeezFaMVuqb1dCd2bAxV	Settle	Jock Nowell Usticke,Sinead Harnett	BAYNK
6IMjyamFERATUl9cBGWAIm	"Nadaan Parinde (From ""Rockstar"")"	A.R. Rahman,Irshad Kamil	A.R. Rahman,Mohit Chauhan
4tqZI7fMIfmMtJhOpJc0ub	The Hideout	Olivier Deriviere	Olivier Deriviere
5uTqwNSbplQbBN6TtJsLSA	Mirror	Amelia Warner	Amelia Warner
7Giz6uMptRmYf6x4VFIKG9	Mamma Got Ass	Terius Gray	Juvenile
3Ar2st6ETkOCY3JVZOZBPU	Wavybone (feat. A$AP Rocky, Juicy J, and Bun B)	Bernard James Freeman,Chad Lamont Butler,Edward Randle,HÃ©ctor Delgado,Jordan Michael Houston,Lawrence Seymour,Leroy Williams Jr.,Rakim Mayers,Willie Mitchell,Yvonne Mitchell	Pimp C
6EXEWhREq79bDFcHxKMSkw	Piosenka na Przebudzenie	Jerzy DobrzyÅski,Zbigniew Ksiazek	Andrzej Zaucha
1qfk9NyUG0KqoRL7o59cAE	No No No	Dawn Penn	Black Uhuru
5neS6KQwTVT4tNq1gGT7ry	Unlikely Angel	Dolly Parton	Dolly Parton
5WdONyOfrALyuTmaZr9T2k	Wise Men Say	Flevans	Flevans
7eiWqPqKvrXme0LsaoXxow	Masques	Claude Debussy	Jean-Efflam Bavouzet
79zdfO9aDjUkAgRVxwJthx	Love Don't Come Easy	John Lodge	The Moody Blues
2C2usXUC6XJaqYR2XtLEa1	Rabba	Ajay Singha,Dev Kohli,Shekhar Ravjiani,Vishal Dadlani	Himani,Vishal-Shekhar
6cFGVTD3wavRKIwJALQJLW	Untitled	Raks,Seakboa,Vusi Mahlasela	Vusi Mahlasela
2g8u6nukn56yxEF1FthamV	The Eternal Live	Alex Holmgren,Dominic Rodrigez,Richard Garcia,Takahiro Nishijima	Nissy
2qsPNPjTaEn9YCbufo1pLl	Beat It	Richard Cheese & Lounge Against The Machine,originally by Michael Jackson	Richard Cheese
5ohTs32Q3E1S82ycjLGgCy	Easy to Be Hard	Galt MacDermot,Gerome Ragni,James Rado	Sergio Mendes & Brasil '66
7FC0tpjQ44hmlrRLD3s9s8	Za sva vremena	B. OpaÄiÄ,S. Simic Kamba	Amadeus Band
7rM1NcHTjNqlw9c7q58bUz	Wanted	Fulton,Steele	Anne Murray
4zjPqvs74EE9fOeJ0ZOcaB	Nadie Te AmarÃ¡	"Aldrin MartÃ­nez,Andy Clay,Gustavo ""Guss"" Alberto"	CD9
2jUiweVKAh2zatq2tWiA74	If I Needed You	Townes Van Zandt	Guy Clark
6hF3Bbk99h1SRzJnIkqmkG	Catherine alÃ©pÃ©e	Jean-Paul WabotaÃ¯	Jean-Paul WabotaÃ¯
6pmG5vknurSjmsk8sg6KNp	The Cokey Cokey	J Kennedy	Victor Silvester
5sZnALI7WqlhevAB55Ffp4	Autopilot	Jason Boland,Mark Prendergast,Stephen Garrigan,Vincent May	Kodaline
4sCwz7Uaj5RQckpKrleKH4	Alone Every Night	Blake Trenorden,Lucas Cooper,Nikolaos Galanopoulos,Richie Mould	Queen of Darts
4gXtFuhEJ20bq9c81XKCx0	Time Again	Carl Palmer,Geoff Downes,John Wetton,Steven Howe	Asia
3H7uTJZOJa16Gyq9FhMdPZ	Tecumtha	Andreas Cremer,Philipp Handke	Chilled Lounge CafÃ©
0CUgrezEJ9dCq79KOaDqUn	Manga	Dan Leavers,Max Hallett	Soccer96
0sm87WXOrhFUhatKOCrHvG	Idul Fitri	Teuku Adi Fitrian	Tompi
6BKCGe8qWqTkK0GYyrTDUp	Lift Him Up	Gerald Robinson	Byron Cage
6PE6uqN2lXPjiJdq8lB88v	Morning Ride	George Veikoso	Fiji
7GLA5lGHm7iIoyrpOD3JNF	Ya Tafida	Ziad Boutros	George Nehme
3KXfXZNNGdYUmHbDOCCLeK	La notte vola	Silvio Capitta Marco Salvati Vessicchio	Lorella Cuccarini
3OnTbmu6TDe550QOz75Ee9	Shake It and Break It	Clark,Qually	Sidney Bechet and His New Orleans Feetwarlers
4N0dGiQNY1HGvAaYsVu2l0	"Stranger In Paradise - From ""Kismet"""	Alexander Borodin,Alexander Glazunov,George Forrest,Nikolai Rimsky-Korsakov,Robert Wright	Jonathon Welch,Stephen Blackburn
0vcbecU7yoJuChc7a8WPgY	Trio V en Sol Mineur pour violon, viole et basse continue, TWV 42:g1 (Sechs Trios, Francfort 1718): IV. Allegro	Georg Philipp Telemann	Benjamin Perrot,Florence Bolton,La RÃªveuse
2MDhTF2YzcbXFrTR5S67tx	Living Waters	Ed Cash,Kristyn Getty	Keith & Kristyn Getty Kids
5bCQojVRtIgnI3cJnzLy0Y	Too Much Birthday	C. Portugal,M. Turner	People Under The Stairs
44Nyq6PqtAoHwxZ0jzA6aw	I Can't Stop Loving You (Live 1962)	Don Gibson	Ray Charles
7tKb0MiXF2hV93yVjes4uN	Shaneera	Fatima Al Qadiri	Fatima Al Qadiri
74o9JKV3a4Gi0ttc3MFV8G	Love Hurts	Boudleaux Bryant	Gram Parsons
7qAr0wJEvjadWyqQbTt50O	Story of Mine	Flavio De Martino	Jay Uf
5LFYNuqX7XMi6MW6SoOteK	Squirt (Instrumental)	Necro	Necro
5YltBVXeXIfkMXXy3JwP8T	Anytime	Nicolosi	Novecento
6WFjQiXCpJ9GjXjwvzSa6x	All For Love	Rita MacNeil	Rita MacNeil
5IsCxVtbVpltLG3TuFozgA	We Trying to Stay Alive	Additional lyrics by: J. Forte,Additional lyrics by: N. Jean,Additional lyrics by: S. Michel,Barry Gibb,Maurice Gibb,Robin Gibb	Wyclef Jean
1ECEzo4FrcQ6zjkbetkP8m	We Can't Rewind	Nicholas	Feeder
4rZfcDF7jSdMIqimxPjKNO	Won My Heart	Zachary Cheatham	Gateway Worship
5EmjBlrR2TzVzyveICMllj	Dirty Deeds	Angus Young,Malcolm Young,Ronald Scott	Joan Jett & The Blackhearts
7xkwW2qUw5KmcmvKY01mGR	Annie	Eric Clapton,Kit Lambert,Ronnie Lane	Pete Townshend,Ronnie Lane
7o3g9Jz8PMAHHuQyTLdGGO	Fortunate Son	John Fogerty	Shannon Noll
3V6VolGV0BpuVKiBiBMNaL	Poo Poo Pee Pee Doo Doo Wee Wee Shitfuk	Friendly Fire Distro	Sikfuk
7LgDTnjm1rS5EzNsJXUMQ0	Land of the Lost	J.Houston,L. Mitchell,P. Beauregard,P.Houston,R. Cooper	Three 6 Mafia
5Z1ki112ulzbyyYBl7fG1U	Symphony No. 18 in F Major, K. 131: II. Andantino grazioso	Wolfgang Amadeus Mozart	Jaap Ter Linden,Mozart Akademie Amsterdam
1vs9WljU2zygg0UD9dIGbO	Shine A Light	Keith Richards,Mick Jagger	AG
3L3npLNJyla2FsTinTxaDR	Ne O Aa Gayya	Lal Chand Yamla Jatt	Lal Chand Yamla Jatt
3UTTiE8atYk8BELRUW4Gq0	Dub Stavros	K Pollard,P N Murphy	Mudd & Pollard
4odVLTG6ocl3GnJaFM2WQ5	Blue Vacation	Andrew McMahon in the Wilderness	Andrew McMahon in the Wilderness
0pJSeDfoiE8IuFaw3LDbsv	One Night in Reno	Devin Abrams,Evan Short,Matt Harvey	Concord Dawn
0JUHr6bn9634ZvEKG0gyBG	Colonial Sketch No. 1	Paul Grabowsky	Paul Grabowsky Trio
7Cptelyl7UEZ1bS4t7rJy8	Bahd Baddo Baddest	Folarinde Falana	DaVido,Falz,Olamide
4niIuTPuW9SmuHJaY1flb6	I Am a Machine (Motivational Speech V2.0)	Nicholas Macri	Fearless Motivation
6DYd53orMCJP6dNs0hPGen	Trio For Violin, Violoncello And Piano	Harrison Birtwistle	Adrian Brendel,Lisa Batiashvili,Till Fellner
1TPIxA7v09KJTpLwk070Ag	Pretty World Recessional	Richard Samuel Baker	Sam Baker
2NRmyB5womBJjYuXo2t1dd	Close Minded	D. Franklin,M. Riga,P. Famula,P. Tabbot,T. Hamilton	Vision
2KropDTIM3SrKLSkvsqkRJ	Guzzler (Kill Light Remix)	Florian Senfter	Zombie Nation
3WkrPV7JTQZA6Bciqy7rvf	Alleluia	Alberto Rivera,Kimberly Rivera	Alberto Rivera,Kimberly Rivera
3rKWG5xFNUhwLDpCkdTBrj	Diphonic Water	Geoffrey Secco	Geoffrey Secco
24dgc0OPUbQMg8n7fBCtRn	Soul to Skin	Adam Longman Parker,Ian Ellerker,Kristy Clark,Olsi Rama	VTR
10eGmtPvyjSIuvItIqwkU0	La casa sul lago	Ennio Morricone	Ennio Morricone
4c31P6y756KIwyeqcUxrm3	Heartly Matters	KristÃ­n Anna	KristÃ­n Anna
5dYjeZvOW93FuVIB86SJe6	Zen Peace	Sacchetto G.	Wellbeing Zone
33CcEEyHRkwUp35CCoJz8n	The Demon	Thomas Detert	6.6.6.
0Eng4x1XF8mCJCGpRsvIyd	Island in Space (Dona Nobis Pacem)	Kirke Mechem	Chanticleer
4A9SATvoRz1dQKoNDGwqTX	Episode	John Maus	John Maus
5krsJD8NuXpYyHaYYI03ka	Restless	Jeremy Stover,Willie Mack	Sara Evans
6wz5BtljPUazspEzFd83kY	Any Day Now	Dominic Thomas	Whyte Horses
5GX8tkDLPgNOtpY9JqdO1X	Dang Me	Brad Paisley,Roger Miller	Brad Paisley
3DGi3K3Gqbp6qRHbh5YkCx	Another Day, Another Heartache	Howard Greenfield,Neil Sedaka	Neil Sedaka
45bpUQf5ryeZTvBpFThetR	Waymaker (Live)	OSINACHI KALU	Sinach
