unique_input_record_identifier	input_title	lookup_key	input_writers	input_performers		database_song_title	database_song_writers
0d3ImMdHx7UmvJVBVmW4i3	Jekyll & Hyde	JEKYL&HYDE	Alexia Coley,Jon Gillies	Alexia Coley	0047248465	JEKYLL & HYDE	COLLEN A/GILLIES J
3tsbgQZTLFydy5eS2e4nJL	Tibetan Singing Bowls	TIBETANSINGINBOWL	Giordano Trivellato,Giuliano Sacchetto	Healing Boy	0043671316	TIBETAN SINGING BOWLS	SACCHETTO G/TRIVELLATO G
16LZkrK0TzZF1IVnDpUiDQ	Medizinmann	MEDIZINMAN	Dominik StÃÂ¶tzler	Monkeybrain	0054409033	MEDIZINMANN	DOMINIK STOTZLER/DOMINIK STOTZLER
15vTpRGUFjSVWZQO1MRoHj	Keyboard Suite No. 8 in F Minor, HWV 433: III. Allemande	KEYBOARDSUITENO8INFMINORH	George Frideric Handel	Philip Edward Fisher	0049146552	KEYBOARD SUITE NO. 8 IN F MINOR, HWV 433: III. ALLEMANDE	GEORGE FRIDERIC HANDEL
724f2sZLra6E3TEqjxJFlj	Jackie Jackie (Spend This Winter With Me)	JACKIEJACKIE	J. AgebjÃÂ¶rn,R. Gunnarsson	Sally Shapiro	0037120326	JACKIE JACKIE	GUNNARSSON R/AGEBJOERN J
2pg8RhWlcDkcqlarzDx7tR	Short Short Twist	SHORTSHORTTWIST	Jones	The Royal Teens	0052474231	SHORT SHORT TWIST	JONES
1Wi3AiNTEtIP1rco1GlTUI	Silhouette	SILHOUETE	No Concept	No Concept	0054267777	SILHOUETTE	NO CONCEPT/NO CONCEPT
613IMoqeB0yxuZEcAGssCw	Woman's World	WOMANSWORLD	Aaron Sledge,Ayaamii Sledge,Brian Sledge,Calvin Frazier,Cornelio Austin,David Haddon,Jarius Mozee,Joe Syring,Rumeal Eggleston	BJ The Chicago Kid	0049432553	WOMAN'S WORLD	HADDON/MOZEE/SLEDGE/AUSTIN/SLEDGE/SLEDGE
1yGMy97bxor9IZ9nY5Draq	Apneia	APNEIA	Patricia laus Mattos	Blancah	0054075708	APNEIA	LAUS MATTOS PATRICIA
0UnXzesrwrJ1kx3BqVLc0d	BondiÃÂ©	BONDIE	Christine Salem	Christine Salem	0050729178	BONDIE (FR)	CHRISTINE SALEM
5CUFE1kLTULZ6GvB6hxWRm	Ghetto Starz	GHETOSTARZ	B. Sandlin,Denzil Miller,Fred Scruggs,James B. Moore,Kurt Walker,Lawrence Smith,R. Rogers,Robert Arthur Ford Jr.,S. Anderson,Sticky Fingaz,T. Kelly,Tyrone Taylor	Onyx	0021914997	GHETTO STARZ	ANDERSON/SCRUGGS/TAYLOR/JONES/SANDLIN/SC
6ntvzf9Nphr6qQNV9M77y7	Do My Thing	DOMYTHIN	Jacob Stiernspetz,Robert Milo	Rob & Jack	0051421234	DO MY THING	MILO ROBERT/STIERNSPETZ JACOB
7lM1UzajLd21s1ZuRfpGgA	Break Up To Make Up	BREAKUPTOMAKEUP	Kenneth Gamble,Linda Creed,Thom Bell	The Stylistics	0002864523	BREAK UP TO MAKE UP	BELL T/CREED L/GAMBLE K
4uczldHoOcXmCbyn9K9Z79	Il santo morto	SANTOMORTO	Dario Brunori	Brunori Sas	0045648177	IL SANTO MORTO	BRUNORI DARIO
5k2N84tO7V39kmWqMBku1T	Singing Om	SINGINOM	George Harrison	George Harrison	0024871928	SINGING OM	HARRISON GEORGE
3yd7CJI7dBtYEu76OrVBO4	Vapen till dom hopplÃÂ¶sa	VAPENTILDOMHOPLOSA	Robert Hurula	Hurula	0052131427	VAPEN TILL DOM HOPPLOSA (SE)	ROBERT HURULA
55gN8z0E6r6AAQT1rDJKmO	N'importe quel gars	NIMPORTEQUELGAR	Julie AubÃÂ©,Katrine NoÃÂ«l,Vivianne Roy	Les Hay Babies	0046154522	N'IMPORTE QUEL GARS	JULIE AUBE/VIVIANNE ROY/KATRINE NOEL
4B3W3U9Z3PAx1gUhiQYaIP	Romeo And Juliet (Love Theme)	ROMEO&JULIET	Nino Rota,Parti Siae	David Osborne	0041683896	ROMEO AND JULIET	NINO ROTA
6JQRfYsQ4gECXZaIq9XflL	Rain Over Kilimantscharo	RAINOVERKILIMANTSCHARO	Steve Mandy	Daniela de Santos	0046619320	RAIN OVER KILIMANTSCHARO	STEVE MANDY
66BTx0xlzyEVhYSbWv4VW3	Ain't Got Time	AINTGOTTIME	Roselle Weaver,Roy Ayers	Roy Ayers Ubiquity	0021784693	AIN'T GOT TIME	WEAVER ROSELLE
2sReONNP28tO7YY7PAsTB9	Bad Spirits (Bani)	BADSPIRIT	Dee Dee Bridgewater,KassÃÂ©-Mady DiabatÃÂ©	Dee Dee Bridgewater	0035226813	BAD SPIRITS (BANI)	DIABATE K/GARRETT D
2WtdEW2JY3zh4lJexJRDTs	Velle	VELE	Desi Crew,Kala Nizampuri	Lakhwinder Wadali	0046753697	VELLE (FROM 'SAIYAAN')	KALA NIZAMPURI/DESI CREW
6g83TC6HMgsFYvAQhphYKc	Tooth Fairy	TOOTHFAIRY	Peter von Poehl	Peter von Poehl	0036315974	TOOTH FAIRY	POEHL PETER VON
3FH8uxzN56uIBvrejurzCi	"Deivangal Ingae (From ""Anegan"")"	DEIVANGALINGAE	Harris Jayaraj,Kabilan	Harris Jayaraj,Sriram Parthasarathy	0047194614	DEIVANGAL INGAE	JAYARAJ J/VAIRAMUTHU K
7uzwzePqx93sDauRFC8pBu	The Lake Wobegon Hymn	LAKEWOBEGONHYMN	Garrison Keillor	Garrison Keillor	0034300362	LAKE WOBEGON HYMN	/DVORAK/ARR/KEILLOR G/HEMBERG V
74CVaqpAlFgkSCNQrkz65f	Surfin' Safari	SURFINSAFARI	Brian Wilson,Mike Love	Jan & Dean	0001418620	SURFIN SAFARI	WILSON B/LOVE M
7F0NriJNf3d0MN1qu9dzZt	It Must Have Been Love	ITMUSTHAVEBEENLOVE	Per Gessle	Mark Masri	0000217500	IT MUST HAVE BEEN LOVE	GESSLE PER HAKAN
68CS9l3vBPG0tsAeVjSV44	Little Deuce Coupe (Mono)	LITLEDEUCECOUPE	Brian Wilson,Roger Christian	The Beach Boys	0000631534	LITTLE DEUCE COUPE	CHRISTIAN R/WILSON B
4RhekQNNxA2yAqkKhydaQo	Wonderful Maker	WONDERFULMAKER	Chris Tomlin,Matt Redman	Chris Tomlin	0032676560	WONDERFUL MAKER	/REDMAN M/TOMLIN C
3lfTxWNetunmGfEBvGE1K9	Lovechild	LOVECHILD	Baumgartner,Lahr,Pranyko	De-Phazz	0045042817	LOVECHILD	BAUMGARTNER PETER (DE)
5SzqVRrSXbPeUGT5pUjsUo	He Will Break Your Heart	HEWILBREAKYOURHEART	Jerry Butler	Jerry Butler	0001225899	HE WILL BREAK YOUR HEART	CARTER C/MAYFIELD C/BUTLER J
0ZfLFldhoCYY5McK1ZyLVN	Stand On It	STANDONIT	Bruce Springsteen	Mel McDaniel	0000153065	STAND ON IT	SPRINGSTEEN BRUCE
6uzLsVw7NSneF0LAM3onNz	Slipstream	SLIPSTREAM	C Shakespeare,G Porter	Sherbet	0000450815	SLIPSTREAM	PORTER G/SHAKESPEARE C
54ijM3PLfwmflMzL3gTXMe	please don't give up on me	PLEASEDONTGIVEUPONME	Olli Suominen	olli	0053661513	PLEASE DON'T GIVE UP ON ME	OLLI SUOMINEN
6Xlvt1plyWi2XtgwMuVjRT	In Boxes	INBOXE	Aurora Aksnes,Edvard FÃÂ¸rre Erfjord,Henrik Barman Michelsen	AURORA	0048084267	IN BOXES	AKSNES A/ERFJORD E/MICHELSEN H
36GlqLI1HidbyM2MejigCz	Be Around	BEAROUND	Michal Martyniuk	After 'Ours	0049063425	BE AROUND	WILLIAMS N/MARTYNIUK M/NANAI M
4opHu54LNM02cZBJdrTlrD	Brooklyn Love	BROOKLYNLOVE	Kronlund,Robinson	Anna Brooks,Brooklyn Funk Essentials,Desmond Foster	0049020876	BROOKLYN LOVE	ROBINSON/KRONLUND
5jgHQfMXmSu4hx8bXxKW0n	You'll Be In My Heart	YOULBEINMYHEART	Phil Collins	Celtic Woman	0018768620	YOU'LL BE IN MY HEART	COLLINS PHILLIP DAVID CHARLES
0E1JWnV8GQBKP6ASutH49L	Summer Breeze	SUMERBREEZE	Gunter Gerl,Vincenzo Ragone	Vincenzo	0034999304	SUMMER BREEZE	RAGONE V/GERL G
0hFwmmJgNa3dPF4t9bmlRb	Shuckin' Sugar	SHUCKINSUGAR	Jefferson	Wizz Jones	0051348465	SHUCKIN' SUGAR	JEFFERSON
5nAsQUkBZpPXUByLBune0f	Finis les	FINI	Alonzo,Benjamin Costecalde	Alonzo	0049406244	FINIS LES	COSTECALDE B/DJAE K
2ZHuQYIi971HfdtVikOVVP	I'm So Hot for You	IMSOHOTFORYOU	B. Orlando	Bobby O	0015690797	IM SO HOT FOR YOU	ORLANDO ROBERT PHILLIP
7lEJ8WNvXX11pS5vVZHnFI	Seksa	SEKSA	Saari Amri	Datuk Sharifah Aini	0049558160	SEKSA	SAARI AMRI
22f7qyXI4Ra0ypejTl3h3h	Cruise Control	CRUISECONTROL	Andrew Godwin,Corbray Sean,Derrick Wadsworth,Jason Linquist,Mark Garza	Embodyment	0033449901	CRUISE CONTROL	WADSWORTH/COBRAY/LINQUIST/GODWIN/GARZA
6SvpYxDBNdGpMescXqPRML	Un Uomo Diverso	UOMODIVERSO	Alessandro Ciuffetti,Francesco De Benedittis,Francesco GazzÃÂ¨,Max GazzÃÂ©	Max GazzÃÂ©	0049146931	UN UOMO DIVERSO	FRANCESCO DE BENEDITTIS/FRANCESCO GAZZE/
5g2FD6C9187XBxyUkIPXI6	Move to Bremerton	MOVETOBREMERTON	Michael Arthur Herrera	MxPx	0018049262	MOVE TO BREMERTON	HERRERA MICHAEL A
4j0RSHgte6Q37dET4402zl	Dirt Bike	DIRTBIKE	John Flansburgh,John Linnell,Wilbur Pauley	They Might Be Giants	0008477722	DIRT BIKE	LINNELL J/FLANSBURGH J
5AtWnHvZLuOIJGLi7vd6N9	Making Love Out Of Nothing At All	MAKINLOVEOUTOFNOTHINATAL	Jim Steinman	Andrew Polec,Christina Bennington	0050186411	MAKING LOVE OUT OF NOTHING AT ALL	STEINMAN J
59yBszMHZVBwpmoATwLYlk	I Wonder (Live 1961)	IWONDER	Pvt. Cecil Gant,Roosevelt Sykes	Ray Charles	0011003524	I WONDER	SYKES ROOSEVELT
05dwNAqhI33dDdl6O1HXKj	M'innamoro di te	MINAMORODITE	Dario Farina	Ricchi E Poveri	0035027419	M'INNAMORO DI TE	FARINA D/MINELLONO C
1UYfeo5RWoJqToShNR7z90	Everything To Me	EVERYTHINTOME	Jacob Hemphill	SOJA	0052962119	EVERYTHING TO ME	HEMPHILL JACOB CHARLES
5xpCvHcPwM6vRKgnZoCMM0	My Little Suede Shoes	MYLITLESUEDESHOE	Charlie Parker	J.J. Johnson	0000310023	MY LITTLE SUEDE SHOES	PARKER CHARLIE (USA)
65QSX3J0dpedyim10KFcqD	Ein paar Runden	PARRUNDEN	Kurt EbelhÃÂ¤user,Sascha Madsen,Sebastian Madsen	Madsen	0053607618	EIN PAAR RUNDEN	EBELHAEUSER K/MADSEN S/MADSEN S
7olpGfJNBUY2FMfEgKkRL9	Renaissance	RENAISANCE	Toni Mudrack	Teesy	0052893301	RENAISSANCE	MUDRACK TONI
0R98xUB64hLacrTOhLtdJ0	Renegade	RENEGADE	Gary Richards	Destructo	0051735829	RENEGADE	RICHARDS G/CHIEN D/GIBBS F
3tteVlYj7b3DtrRIeKXwIX	We Rise Again	WERISEAGAIN	Eugene Hutz,Eugene Hutz,Michael Ward,Oliver Charles,Pedro Erazo-Segovia,Sergey Ryabtsev,Thomas Gobena,Yury Lemeshev	Gogol Bordello	0042667507	WE RISE AGAIN	CHARLES/RYABTZEV/GOBENA/ERAZO-SEGOVIA/LE
0bcJNyPGEqSJ26jdD1QFGF	Mercy Tree	MERCYTREE	Krissy Nordhoff,Michael Neale	Lacey Sturm	0043728115	MERCY TREE	NEALE M/NORDHOFF K
1NsbdxXsMS3m8Q79P6GWLo	...calling	CALIN	Nonchalant Savant	Nonchalant Savant	0053591494	CALLING	NONCHALANT SAVANT
5zM3K85G6XQ1NWTiMB37Zv	Choose That One	CHOOSETHATONE	James Shearman,Patrick Doyle	Patrick Doyle	0047526269	CHOOSE THAT ONE	DOYLE PATRICK
5Unqje8E2DNjcSD0VKJvYu	I Love You So Much	ILOVEYOUSOMUCH	F. Washington,Leonard Caston,Sugar Pie DeSanto	Sugar Pie DeSanto	0053386735	I LOVE YOU SO MUCH	LEONARD CASTON/LEONARD CASTON/SUGAR PIE
3LkiH06MgIdAeWQyF5LMzH	Bro, bro breja	BROBROBREJA	Tomas Blank,Traditionell	GÃÂ¶teborgs Symfonietta,Tomas Blank	0041689863	BRO, BRO BREJA	TRADITIONELL
2eK4surM0e3FMluNE9hqMR	Anonymous	ANONYMOU	DJ Emerson	DJ Emerson	0047201247	ANONYMOUS	DJ EMERSON
31HrK1wyC3VvptHdj9JXvB	Electric Blues / Old Fashioned Melody	ELECTRICBLUESOLDFASHIONED	Galt MacDermot,Gerome Ragni,Jim Rado,Tom Pierson	Galt MacDermot,Tom Pierson	0003279488	ELECTRIC BLUES	MACDERMOT A/RADO J/RAGNI G
2aLxKSzpkAZfNQ7cmrXiyj	Unconditional Love	UNCONDITIONALLOVE	Chris Cresswell,Jon Darbey,Paul Ramirez,Scott Brigham	The Flatliners	0054476646	UNCONDITIONAL LOVE	BRIGHAM S/CRESSWELL C/DARBEY J/RAMIREZ P
0zhkuIQ4345YbKjAmYkAr2	Chewin' Mi Mic	CHEWINMIMIC	Bab Lee,El Kady,RAUX,erdeven,sevret,wauthier	Zenzile	0049512307	CHEWIN MI MIC	BABLEE/EL-KADY/ERDEVEN/RAUX/SEVRET/WAUTH
4jpaa5BZdOtVgzKNyVxSM2	Sonnet for Stevie	SONETFORSTEVIE	Mark Turner	Baptiste Trotignon,Mark Turner	0046265957	SONNET FOR STEVIE	TURNER MARK FREMONT
5I6d1gfpbEkJTewRNynxnQ	Onde o Nordeste Garoa	ONDEONORDESTEGAROA	Onildo Almeida	Luiz Gonzaga	0030085886	ONDE O NORDESTE GAROA	ONILDO ALMEIDA ONILDO ALMEIDA
5wvV1kJoSILDqdOTSFmoKA	Moon Dust	MOONDUST	Ilya Lipkin	The Re-Stoned	0055266625	MOON DUST	ILYA LIPKIN
4Tzh40NrdibXC2Nb0gZ9Wl	Jackie	JACKIE	Gerard Jouannest,Jacques Brel,Mort Shuman	Scott Walker	0002182094	JACKIE (ENGLISH VERSION)	JOUANNEST G/BREL J/SHUMAN M
1TSFiM4D3tyx6L7GD3c6Ph	Early Morning	EARLYMORNIN	TreeHouse 707	TreeHouse 707	0053660431	EARLY MORNING	TREEHOUSE 707
41v7FqRpYIwdr65IGoQRbH	Beni Benimle BÃÂ±rak	BENIBENIMLEBIRAK	Ibrahim Ferman Akgul,YaÃÂmur SarÃÂ±gÃÂ¼l	ÃÂmit Besen	0041007793	BENI BENIMLE BIRAK	YAGMUR SARIGUL
2DuLCNjIszZ3g5B4XE8ONy	Surround Me with Your Love	SUROUNDMEWITHYOURLOVE	Per A. Bertheussen,Per Martinsen,Svein Hansen	Blank & Jones	0035827792	SURROUND ME WITH YOUR LOVE (MENTAL OVERDRIVE REMIX)	MARTINSEN P/BERTHEUSSEN P/HANSEN S
0MkayFomiiea3ngp05amTn	Vizine (Freestyle)	VIZINE	Bousmara Division NÃÂ°1	Bousmara Division NÃÂ°1	0054653099	VIZINE (FREESTYLE)	BOUSMARA DIVISION NO1
02fenXEY9TV3lKW33j5ipA	School's Out	SCHOOLSOUT	A.Cooper,D.Dunaway,G.Buxton,M.Bruce,N.Smith	Buttmunch and The Great Cornholio	0007526722	SCHOOL'S OUT	COOPER/BRUCE/SMITH/BUXTON/DUNAWAY
0S7kfXOe4pbR1Wrkby1hGz	Malacoda	MALACODA	Caspian	Caspian	0054376852	MALACODA	CASPIAN
78xYQbFUcYComSOzBpo3WT	Bimbo Satellite	BIMBOSATELITE	Chris Joss	Chris Joss	0045818029	BIMBO SATELLITE	CHRIS JOSS
7FvJQy0fu6b8nEWwcgcHT3	Old Norwegian Romance, Op. 51: I. Poco tranquillo	OLDNORWEGIANROMANCEOP51IP	Edvard Grieg	Edvard Grieg,Philharmonia Orchestra	0049051984	OLD NORWEGIAN ROMANCE, OP. 51: I. POCO TRANQUILLO	EDVARD GRIEG
7zvElHJqPZY4CGc3tprlwR	Fish And Mice	FISH&MICE	Holly Throsby	Holly Throsby	0040209907	FISH AND MICE	THROSBY HOLLY SARAH
5WWcjsrfnJI43r1ZJbpxqO	The Motorcade	MOTORCADE	Jerry Goldsmith	Jerry Goldsmith	0016401337	MOTORCADE	GOLDSMITH JERRY
4hkdtl3xpE5MGJajzRgiZA	Toccata II	TOCATAII	Rolf Lislevand,Traditional	Rolf Lislevand Ensemble	0047040035	TOCCATA II	ROLF LISLEVAND
08pZ47A3mehqQZ5htXkak7	Heavy Love (ASOT 818)	HEAVYLOVE	A. Rata,I. James,K. Sones,M. Vangeli	Andrew Rayel,Max Vangeli	0051940352	HEAVY LOVE	MAX V/RATA A/SONES K
3R4XTOBeXtSbcZ5ujSHmam	Give Me The Roses	GIVEMEROSE	A. P. Carter	Carlene Carter	0004358544	GIVE ME ROSES WHILE I LIVE	CARTER ALVIN PLEASANT
5FIfrMB4XPezXNt1zobOwk	I Believe In (feat. Beta Bow)	IBELIEVEIN	Taelor Deitcher	Felix Cartal	0040861111	I BELIEVE IN (FEAT. BETA BOW)	DEITCHER T/GUENTHER/DONNELLY H
1guyHT1SrCFHwfdCvZ8J2x	Introduction: Nothingness	INTRODUCTIONNOTHINGNES	Hayden Calnin	Hayden Calnin	0049164855	INTRODUCTION; NOTHINGNESS	CALNIN HAYDEN RICHARD
0kRHPaomykhU8eKJjoTBfO	Red River	REDRIVER	Guy Fixsen,Margaret Fiedler	Laika	0009439785	RED RIVER	FIXSEN G/FIELDER M
5042gESl3wqaQVAdHglwVz	Taking A Chance On Love	TAKINCHANCEONLOVE	John LaTouche,Ted Fetter,Vernon Duke	Matt Monro	0038632382	TAKING A CHANCE ON LOVE	JOHN LATOUCHE/VERNON DUKE
7t3lzveOldcMW2OkM9756N	Selfie	SELFIE	Babbu Maan	Babbu Maan	0049106119	SELFIE	/BABBU MAAN/MAAN TEJINDER SINGH
55ohhJLbz4BTwZ6GzfdbMe	If I Needed You	IFINEEDEDYOU	Townes Van Zandt	Don Williams,Emmylou Harris	0002427567	IF I NEEDED YOU	VAN ZANDT TOWNES JOHN
5jJYJthaXUdkHKmiS6TuXe	Distance (feat. Joey Bada$$, Issa Gold & Erick The Architect)	DISTANCE	Erick Elliott,Jo-Vaughn Virginie,Marlon Fung,Powers Pleasant	Beast Coast,Flatbush Zombies,Joey Bada$$	0055925464	DISTANCE	JO VAUGHN VIRGINIE/JO VAUGHN VIRGINIE/MA
06lGG2WrxIGUoMMQbR3O4Z	Nostradamus	NOSTRADAMU	Michael Ehninger,Thomas Spitzer	EAV	0040993998	NOSTRADAMUS	THOMAS SPITZER
6Yy8nhChB5RxOHftjstcKG	Pashunfruit	PASHUNFRUIT	Gustaf Isaacson	Guustavv	0054655105	PASHUNFRUIT	GUSTAF ISAACSON
23RXgB6zTuxiW1GheO5b6t	Suite No. 2 in F Major: Prelude - Allemande - Courante - Bourree - Sarabande - Menuet I & II - Gigue	SUITENO2INFMAJORPRELUDEAL	Silvius Leopold Weiss	Jakob Lindberg	0045461066	SUITE NO. 2 IN F MAJOR: PRELUDE - ALLEMANDE - COURANTE - BOU	SILVIUS LEOPOLD WEISS
5MGCxdfa80nbBGcqqQWygx	Under the Bridge	UNDERBRIDGE	Anthony Kiedis,Balzary,Chad Smith,Frusciante,John Frusciante,Keidis,Keidis Balzary,King,McNair,Michael Balzary,Smith	All Saints	0004396102	UNDER THE BRIDGE	BALZARY M/FRUSCIANTE J/KIEDIS A/SMITH C
1LmkXSQbofMD4JEYqsmZcL	Silence	SILENCE	Michael Geoffrey Underwood	Moral Dilemma	0055899184	SILENCE	UNDERWOOD MICHAEL GEOFFREY
7xLJpKCqPI1LRStBlvmsup	Tommy Bahama	TOMYBAHAMA	Myles Parrish	Myles Parrish	0053295743	TOMMY BAHAMA	DESKIN D/BLYTHE D/EGAN W/PARRISH M
6VFmgcvCbfgoS63SfrBlgg	You Did It, You Did It	YOUDIDITYOUDIDIT	Rahsaan Roland Kirk	Rahsaan Roland Kirk,Roland Kirk Quartet	0002086696	YOU DID IT YOU DID IT	KIRK ROLAND
5ZTgFaoPKdJZa7EvAXXYcy	Melkweg Bass	MELKWEGBAS	Liam Mclean	Joker	0053886355	MELKWEG BASS	LIAM MCLEAN
2fCJg4P5QlKNecepq5zo22	S'posin'	SPOSIN	Paul Denniker	Nelson Riddle	0000658829	SPOSIN'	DENNIKER P/RAZAF A
4GMAyVjTpL9vgKd7aZJkSd	Indigo	INDIGO	Plusma	Plusma	0052818016	INDIGO	PLUSMA
5dOuPV9NHt5uWqxvhVbA0n	Bald Butte	BALDBUTE	Colter Wall	Colter Wall	0052108675	BALD BUTTE	WALL COLTER BRADLEY
1tpcdO2cqYuY0EsqvxZazE	La Violetera	VIOLETERA	Eduardo Montesinos,Jose Padilla Sanchez	Dalida	0001460588	VIOLETERA (ORIGINAL VERSION)	PADILLA-SANCHEZ J/MONTESINOS L
0BaUwLv2lSBwIwGTzjgIXR	Frank	FRANK	Chris Matthews	Headless Chickens	0002767975	FRANK	MATTHEWS CHRISTOPHER STEPHEN
2WyUzDQjzQfPMz1EGsjLw2	Operation New Me	OPERATIONNEWME	Chris McKay,Jamil Kazmi,Jared Gutstadt,Jeff Peters,Taka Moriuchi	Jingle Punks	0053072633	OPERATION NEW ME	MORIUCHI/JAMIL/MCKAY/GUTSTADT/PETERS
00qSzFGT8c6Om96MRK3uSt	Mama Raised Me	MAMARAISEDME	Calvin Broadus,Daryl Anderson,Percy Miller,Soulja Slim	Master P	0019457963	MAMA RAISED ME	BROADUS C/ANDERSON D/MILLER P/TAPP J
745RHtUOB8KIetZUqQ4zEZ	Leave a Light On (feat. Tom Walker)	LEAVELIGHTON	Steve Mac,Tom Walker	Red Hot Chilli Pipers	0051264669	LEAVE A LIGHT ON	MCCUTCHEON S/WALKER T
2dAiHAa3buEDWlj0uyBDBc	Donalina	DONALINA	Aviv Cohen	Sol Monk	0049026102	DONALINA	AVIV COHEN
5faqpitzDhJKv3huL8nJhp	Wetin We Gain	WETINWEGAIN	Victor AD	Victor AD	0054575604	WETIN WE GAIN	VICTOR AD
5pJ4txCueCm3vSLHp2tx3A	What You Do	WHATYOUDO	Michael Brigante	Attonbitus	0051793060	WHAT YOU DO	BRIGANTE MICHAEL GINO
4OEpeTynFu4UgdkspM3WzC	Oboe Concerto in C Minor: Adagio	OBOECONCERTOINCMINORADAGI	Georg Philipp Telemann	Sarah Francis	0047895577	OBOE CONCERTO IN C MINOR: ADAGIO	GEORG PHILIP TELEMANN
0XD8PIk6ZPrvuOZI8kZON0	Some Fun Now	SOMEFUNNOW	Alan Menken,Howard Ashman	Michelle Weeks,Tichina Arnold,Tisha Campbell	0001698377	SOME FUN NOW	ASHMAN H/MENKEN A
5QlmJpzQ2SyTP54loicFyQ	Three Four	THREEFOUR	Ben Cullum,Karl Clive Gordon,Shaznay Lewis	All Saints	0053765557	THREE FOUR	LEWIS S/GORDON K
2XRyW3Kbd7ln1b78CJ0U5u	Offering	OFERIN	Ara Dinkjian	Ara Dinkjian	0028264872	OFFERING	DINKJIAN ARA G
5NSxCIccne0LGgtEw5egrr	Crazy Beat	CRAZYBEAT	Fallin,Rhodes	Gene Vincent	0035407705	CRAZY BEAT	RHODES J/FALLIN J
1XoJocoi2Kz18kqFgZVWDN	Free My Way	FREEMYWAY	Ian Brown	Ian Brown	0020279205	FREE MY WAY	BROWN IAN GEORGE
7p1kmc8AVgYHKLxDnGIY2H	You Can't Outrun 'Em	YOUCANTOUTRUNEM	Jenny Lewis	Jenny Lewis	0041064988	YOU CAN'T OUT RUN EM	LEWIS JENNY DIANE
6Oo0MdVI6g6732qbg8ad6x	Honeysuckle	HONEYSUCKLE	Barry Dean,Hillary Lindsey,busbee	Carly Pearce	0052551943	HONEYSUCKLE	BUSBEE M/LINDSEY H/DEAN B
6P54hhvnaS5kM9nv5tHocS	Hard Headed Woman	HARDHEADEDWOMAN	Claude De Metrius	Elvis Presley	0002883048	HARD HEADED WOMAN	/DE-METRUIS CLAUDE
0kr4qhkSAiBEOvT1aoBcY6	Eenie Meenie	EENIEMEENIE	Michael Sembello,Raymond Pounds	Jeffrey Osborne	0042777353	EENIE MEENIE MINIE MO	SEMBELLO M/POUNDS R
4Z9z2jL0LO1ikTYUZmBAtK	Besame Mucho	BESAMEMUCHO	Skylar,VelÃÂ¡zquez	Francis Goya	0002828111	BESAME MUCHO	VELAZQUEZ CONSUELO TORRES ORTIZ
50yv11h0Rm8BuSdFNTsX60	A Father of Very Little Brain	FATHEROFVERYLITLEBRAIN	Bruce Fowler,David Slonaker,Ed Trybek,Edgardo Simone,Geoff Zanelli,Jennifer Hammond,Jon Brion,Kevin Kaska,Philip Klein,Rick Giovinazzo,Steve Bartek,Yvonne S. Moriarty	Geoff Zanelli,Jon Brion	0054292801	A FATHER OF VERY LITTLE BRAIN	MCNEIL Z/ZANELLI G
5HgXSKXtmhbkwyw9T1s7dP	Love You For Life	LOVEYOUFORLIFE	Curtis D. Harmon,Eddie Baccus,Jr.,Michael (Antonio) Thornton	Pieces Of A Dream	0034340628	LOVE YOU FOR LIFE	HARMON C/THORNTON M/BACCUS E
7muB8MHe9LwtFybCLk043k	Quero Um Baby Seu	QUEROUMBABYSEU	Luiz Carlos Siqueira,Paulo Zdanowski	Caetano Veloso	0041606935	QUERO UM BABY SEU	PAULO ZDANOWSKI/LUIZ CARLOS SIQUEIRA
6suUkCbptTEFsUDGqfYrkC	Come Back Baby	COMEBACKBABY	Kate McGarrigle	Kate & Anna McGarrigle	0039113106	COME BACK BABY	MCGARRIGLE KATE
6jOuqpHYidc4HpnRwr6nRr	Sonata no. 14 in G major: III. Andante cantabile	SONATANO14INGMAJORIIIANDA	Giuseppe Tartini	Luigi De Filippi	0049137591	SONATA NO. 14 IN G MAJOR: III. ANDANTE CANTABILE	GIUSEPPE TARTINI
0jwgNSJVOYiZwbhsnUfBPt	The Hand	HAND	Paula Frazer	Tarnation	0024310011	THE HAND	FRAZER PAULA
788cpxNtwjpKlq6W4mgvDK	Unchained Melody	UNCHAINEDMELODY	Alex North,Barry Manilow,Bill Ross,Hy Zaret,Walter Afanasieff	Barry Manilow	0002614279	UNCHAINED MELODY	NORTH A/ZARET H
59qNxfwZVsasBB9qcPhmIM	Disseminate	DISEMINATE	Bill Leeb,Rhys Fulber	Front Line Assembly	0038256676	DISSEMINATE	LEEB B/FULBER R
3K6Qgi5BlNP9J3ZcotMZMG	Road Less Traveled	ROADLESTRAVELED	Kevin Yost	Kevin Yost	0033272841	ROAD LESS TRAVELLED	YOST KEVIN
7gwtPl068Bd2kYGXwMNa64	Don't You Dream	DONTYOUDREAM	Beresford Romeo,Charlotte Kelly	Soul II Soul	0006744246	DON'T YOU DREAM	ROMEO T/KELLY C
7FaYqYa8EBuDx84rFDO9vW	Long Live Our Love	LONGLIVEOURLOVE	Jerome Louis Jackson,Sidney Barnes	The Shangri-Las	0011126924	LONG LIVE OUR LOVE	JACKSON J/BARNES S
1T3vZiFuqP0jeKYODA9cPW	Caliente	CALIENTE	Andy Kaufhold,Jaspa Jones,Piet Blank	Blank & Jones	0052192476	CALIENTE	JONES J/KAUFHOLD A/BLANK P
5YAjpn3NzhdXBxYL5cGy89	Hello	HELO	Richie	Francis Goya	0002396774	HELLO	RICHIE LIONEL B (JR)
57glJwCgaO15nGDw8L24tJ	El Mercado	MERCADO	Alex Rodriguez	Alex Rodriguez	0051393355	EL MERCADO	ALEX RODRIGUEZ
2JrPYgybHbfNq1GLrAfubI	"Love Theme from ""The Godfather"""	LOVETHEMEFROMGODFATHER	Nino Rota	Andre Kostelanetz & His Orchestra	0000076823	LOVE THEME (FR GODFATHER)	ROTA NINO (GIOVANNI)
33HCg2N6H6ZSrzHq9lU0dN	Satanic Barbarism	SATANICBARBARISM	Brian Malone,Eric Hersemann	Diabolic	0036768349	SATANIC BARBARISM	MALONE B/HERSEMANN E
52ctAVW37gpbNcVRJ6bT0A	Sirens	SIREN	Gabe Dixon	Gabe Dixon	0037084316	SIRENS	DIXON GABRIEL BARRY
6zITIkNO0vAoEtvM9ZEFpM	Hanging Around	HANGINAROUND	Gemma Hayes	Gemma Hayes	0029640762	HANGING AROUND	HAYES GEMMA CLAIRE
2nk5cDGgASFCSinFjphaYK	Salome	SALOME	Andrew Lloyd Webber,Christopher Hampton,Don Black	Andrew Lloyd Webber,Kevin Anderson,Patti LuPone	0007207857	SALOME	LLOYD-WEBBER A/BLACK D/HAMPTON C
4HDjs3LiKRVJsa9LW5tzTT	Sti Theoria	STITHEORIA	Christodoulos Siganos,Valentino	Panos Kiamos	0045829519	STI THEORIA	VALENTINO/HRISTODOULOS SIGANOS
6ZW4YoXdDsV6rc8clOBRn4	Marcha do Donzel	MARCHADODONZEL	Ariano Suassuna,Renata Rosa	Renata Rosa	0042320961	MARCHA DO DONZEL	BRAGA D/SUASSUNA A
6nwK4MlCvxob5Yk3NuHDXx	To the Dawn	TODAWN	Henry Burton,Sara Groves	Sara Groves	0053088530	TO THE DAWN	/ARR/GROVES SARA
5Ma5oifXhrs1lq56lV59hI	Whispers	WHISPER	Xavier Rudd	Xavier Rudd	0035233071	WHISPERS	RUDD XAVIER PETER I
0zxWRrstHxE3fYI5QleMxf	I Want You	IWANTYOU	Daniel Burke,Kaz Gamble,Marcello De Angelis	Birdee	0051071826	I WANT YOU	DE ANGELIS M/BURKE D/KAZ G
1EhM3WRdenmzHQ3YUzAh0m	Juancho	JUANCHO	Lucho Junco	Cabas	0033386189	JUANCHO (CUMBIA)	ROSALES A/JUNCO L
5CGzGHQydEhSQVOC3CW7Oh	Festival Crash	FESTIVALCRASH	F. Corsten	Ferry Corsten	0046749998	FESTIVAL CRASH	CORSTEN FERRY
0RClguMsTbVPYKzY27TzyL	Espirais	ESPIRAI	Alexandre Lemos,Alexandre Silveira de Castilho	Marjorie Estiano	0035247662	ESPIRAIS	DE CASTILHO A/LEMOS A
43qiUSR7w0b7NrjV0dm6b2	Superheld	SUPERHELD	Jakob Sinn,Johannes Strate,Kristoffer HÃÂ¼necke,Niels GrÃÂ¶tsch	Revolverheld	0034458905	SUPERHELD	HUENECKE K/STRATE J/GROETSCH N/SINN J
07WNFI1IZp7EXGOL2YyCzw	Slow Ruin	SLOWRUIN	Sannhet	Sannhet	0044389452	SLOW RUIN	SANNHET
0OA2aD6f3nP17nZtx2udzh	Poor Boy	POORBOY	Ben Hayslip,Dallas Davidson,Rhett Akins,Tyler Farr	Tyler Farr	0046810911	POOR BOY	DAVIDSON D/AKINS R/FARR T/HAYSLIP B
7xRPfG0cM9klqDigaRl9VP	Whiskey Ghost	WHISKEYGHOST	Gary Nicholson,Tom Hambridge	Buddy Guy	0044580879	WHISKEY GHOST	NICHOLSON G/HAMBRIDGE T
4BEwHBh3V461UyBK2mGpq5	First Light	FIRSTLIGHT	Dan Michaelson	Dan Michaelson	0052628496	FIRST LIGHT	MICHAELSON D/LINDNER A
0jacpERIrAsZmr803d2Uk5	Anathema	ANATHEMA	David Arnold	David Arnold,Tori Amos	0055928285	ANATHEMA	DAVID ARNOLD
6ppg2EReeJMf4ntrwwIkWp	DANCE WITH ME NOW!	DANCEWITHMENOW	Michico,T.kura	E-girls	0049435577	DANCE WITH ME NOW! (PKCZR REMIX)	KURA T/MICHICO/MICHICO
0ej4nOozKUrCOU7ysxNXLh	What's New	WHATSNEW	Bob Haggart,Johnny Burke	Lee Konitz	0034735820	WHAT'S NEW	HAGGART ROBERT
3vJuG3Uc9yUmB79azIEGDE	Last Night	LASTNIGHT	Emma Anderson	Lush	0010753011	LAST NIGHT	ANDERSON EMMA VICTORIA JANE
48GzqZeI4CJLdxJ4o5WWMk	#thatPOWER	THATPOWER	William Adams	Neil Edward	0044169068	#THATPOWER	BIEBER J/ADAMS W/LEROY D/STOLYAROV A
6RyCki6lEPqMMau369wPyW	Long on Love	LONGONLOVE	Rory Lee and Tony O. Villanueva	The Derailers	0019329225	LONG ON LOVE	LEE R/VILLANUEVA T
637SM8vCqY6uNFvnLLEipf	Redwing	REDWIN	Anthony Banks	Tony Banks	0020939009	REDWING SUITE	BANKS ANTHONY GEORGE
7Ijlt1DIrpT3kEU2JaKa0f	Prayer for Travelling	PRAYERFORTRAVELIN	Gabriel Jackson	St. Jacob's Chamber Choir	0048664064	PRAYER FOR TRAVELLING	GABRIEL JACKSON
71piNzA61VqdBPbTmRPsYb	Albatross	ALBATROS	P. Green	The Hero Guitar Maniacs	0047465517	ALBATROSS (FROM 'MAN ON WIRE')	A GREEN P
7GzI0Jk377Qpch8KtHvyKq	Sem Ti	SEMTI	Anselmo Ralph	Anselmo Ralph	0045983679	SEM TI	ANSELMO RALPH/ANSELMO RALPH/NELLSON KLAS
0NdWmjRN9DUT7k7QpMMEYk	Thanu Vethikina	THANUVETHIKINA	Gopi Sundar,Sirivennela Seetharama Sastry	Satya Yamini	0054545022	THANU VETHIKINA	GOPI SUNDAR/SIRIVENNELA SEETHARAMA SASTR
6IF3S46wTRtaQimGtURfmM	Umpa Lumpa	UMPALUMPA	Max Loderbauer,Tom Thiel	sun electric	0035909108	UMPA LUMPA	LODERBAUER M/THIEL T
6D0XmEAG67nJF3ygIVZCOO	Quickdraw	QUICKDRAW	A Santilla,B Dexter,B Dochstader,G. Campbell	67 Special	0035600177	QUICKDRAW	SANTILLA/DEXTER/CAMPBELL/DOCHSTADER/MACK
3bRUvmYOZ8tqguEGWyVmYE	Mittelfinga hoch	MITELFINGAHOCH	Aaquil Brown,Robert Zemichiel,Samy Sorge	ASD	0048235429	MITTELFINGA HOCH	SORGE S/SORGE S/AFROB/BROWN A
53jogSv23P6DFcOHcZrDs9	Save Me	SAVEME	Baker,Haner,Sanders,Seward,Sullivan	Avenged Sevenfold	0039728997	SAVE ME	BAKER/SULLIVAN/SANDERS/HANER/SEWARD
55426eqWLGsLRzCHp0mlxA	Am I Right?	AMIRIGHT	Andy Bell,Erasure,Vince Clarke	Erasure	0004627919	AM I RIGHT	CLARKE V/BELL A
6usHxH3iCQC3ETkIWG36Km	Disappear	DISAPEAR	Kay Hanley,Letters To Cleo	Letters To Cleo	0036792481	DISAPPEAR	EISENSTIEN/HANLEY/MCKENNA/RIEBLING
70Vc2mCfevAjiM6O1vfGXR	Dipped In Ice	DIPEDINICE	Aleicia Gibson,Chauncey Hollis Jr.,DiamontÃÂ© Harper,Dustin James Corbett,Gino Borri,Ryan Martinez	Saweetie	0055319678	DIPPED IN ICE	GIBSON/HARPER/MARTINEZ/BORRI/CORBETT/HOL
6Pbwhr9C4ddhsKLbnd6Ydg	Blue Fiddle	BLUEFIDLE	Paul Moravec	Cory Smythe,Hilary Hahn	0045412028	BLUE FIDDLE	MORAVEC VINCENT PAUL
3gW8N0jXhpnaw4R25UsRIL	Shake Your Money Maker	SHAKEYOURMONEYMAKER	Elmore James	Elmore James	0003461019	SHAKE YOUR MONEY MAKER	JAMES ELMORE
4IB3eXd1V1aCdJFYS7mU7T	Three Guesses	THREEGUESE	Linda Scott	Linda Scott	0036531862	THREE GUESSES	SCOTT L/SCOTT L
3PsNZLdClHYTnpQ8RS9fyG	Be Ma Fela	BEMAFELA	Tiago Novo	Marta Ren & The Groovelvets	0049753201	BE MA FELA	TIAGO NOVO
1TUQrPj7jp0uc3cmS6kCzr	Finally	FINALY	Pauline Henry	Pauline Henry	0048392992	FINALLY	PAULINE HENRY
4dgbAhd966nEBgVhsG6HoT	Sahaja (Relaxing Yoga Music)	SAHAJA	Marco Rinaldo	Spiritual Music Collection	0049732029	SAHAJA (YOGA MUSIC)	NIEZNANY/MARCO RINALDO
6Yp57oaKt49cLiACXsWz7p	Batyar (Bigmouth Strikes Again)	BATYAR	Johnny Marr,Steven Morrissey	The Ukrainians	0019720748	BATYAR	MORRISSEY S/MARR J
15cSr8Q5KzlSg6c3swnTrw	The Window up Above	WINDOWUPABOVE	Jones	George Jones	0000521810	WINDOW UP ABOVE	JONES GEORGE
7b0TbASq3JHtj54SDVJQWJ	The Breeze And I	BREEZE&I	Al Stillman,Ernesto Lecuona	Henry Mancini	0001049552	BREEZE AND I	LECUONA-CASADO E/STILLMAN A
3OnclyqyU6kYhf3Swix1SS	Siete homicidios	SIETEHOMICIDIO	Rodrigo Miranda	Los Trukeros	0044918347	SIETE HOMICIDIOS	RODRIGO MIRANDA/RODRIGO MIRANDA
1TbuDl6GklIG7zy5fSiNni	Nessun Dorma	NESUNDORMA	Giacomo Puccini	Luciano Pavarotti	0022497215	NESSUN DORMA	/PUCCINI/ARR/LEWIS R/COHAN R
0rH0nZVbFR4ny1lN1PNSfC	You Don't Want to Get You One of Those	YOUDONTWANTTOGETYOUONEOFT	Mark Knopfler	Mark Knopfler,Tommy Emmanuel	0052879414	YOU DON'T WANT TO GET YOU ONE OF THOSE	KNOPFLER MARK
3JDPO6psvw4EZYAHOJVNd7	Go into Your Dance	GOINTOYOURDANCE	Al Dubin,Harry Warren	Caroline O'Connor,Cathy Wydner,Company of 42nd Street,Kim Criswell,National Symphony Orchestra	0000558663	GO INTO YOUR DANCE	WARREN H/DUBIN A
7jqCebvd30ZSaQBfwV2Na5	Book II: Prelude and Fugue No. 17 in A-Flat Major, BWV 886	BOOKIIPRELUDE&FUGUENO17IN	Johann Sebastian Bach	Sviatoslav Richter	0053698329	BOOK II: PRELUDE AND FUGUE NO. 17 IN A-FLAT MAJOR, BWV 886	JOHANN SEBASTIAN BACH
296LoOFurYUNo0xr6diEES	OdyssÃÂ©e	ODYSEE	Bernard Fevre,Jacky Giordano	Bernard Fevre	0049635375	ODYSSEE	FEVRE B/GIORDANO J
2UYdO5OLRIaWQhTTNCy7Dx	Unvergesslich (Inoubliable)	UNVERGESLICH	Charles Aznavour,Pierre Delanoe	Charles Aznavour	0047930907	UNVERGESSLICH (INOUBLIABLE)	CHARLES AZNAVOUR/PIERRE DELANOE
6VwGytUkC11Mj5kcHXggYj	Eravamo Re	ERAVAMORE	Cosimo Fini,Stefano Tognini	Gue Pequeno	0048133243	ERAVAMO RE	FINI C/TOGNINI S
67bkRbYTDuhYXIwdIF0dkA	Caminando	CAMINANDO	Camilo VelÃÂ¡squez,VerÃÂ³nica AtehortÃÂºa	Veka	0047579044	CAMINANDO	CAMILO VELASQUEZ/VERONICA ATEHORTUA
4XpoKWfMZzerw1R7uX5LMs	Boogie Magic	BOOGIEMAGIC	Dennis Coffey	Dennis Coffey	0041798782	BOOGIE MAGIC	COFFEY DENNIS JAMES
5EKCupOjtK8BBz8MUw8WWX	Looking Through Darkness	LOOKINTHROUGHDARKNES	Derrick Harris,Keith Elam	Guru	0010954748	LOOKING THROUGH DARKNESS	ELAM K/HARRIS D
78SCz6GkX5zPta7X1DsZnZ	Que Te Vaya Bonito	QUETEVAYABONITO	JosÃÂ© Alfredo Jimenez,RubÃÂ©n Fuentes	JosÃÂ© Alfredo Jimenez	0003736383	QUE TE VAYA BONITO	JIMENEZ-SANDOVAL JOSE ALFREDO
1YMRTLjJC5gK4ZfULfm17T	Shoes	SHOE	Doug Pinnick,Jerry Gaskill,Ty Tabor	King's X	0034727555	SHOES	TABOR T/GASKILL J/PINNICK D
2BAyouVbATFhG3qX9ZHuwQ	Bedrock	BEDROCK	K. Crawford,N. Skeltys	B(if)tek	0014102288	BEDROCK	SKELTYS/CRAWFORD/MALNECK/SIGNORELLI/PARI
4rxTIrp20yS9TlGKOtP5pG	Pusti Micu, Gadan Je U Picu	PUSTIMICUGADANJEUPICU	B. M. Knindza	Baja Mali Knindza	0041448081	PUSTI MICU, GADAN JE U PICU	BAJA MALI KNINDZA/BAJA MALI KNINDZA
2jpvd0imsQzgdoIXEBdNxj	Birds	BIRD	Dan Carey,EmilÃÂ­ana Torrini	EmilÃÂ­ana Torrini	0036830106	BIRDS	TORRINI E/CAREY D
1jP3M6DPaKEIP8GQpTdHNX	Too Much	TOOMUCH	"Alex Lustig,Karim Kharbouch,Lonnie ""Skeme"" Kimble"	French Montana	0052085617	TOO MUCH	KHARBOUCH K/KIMBLE L/LUSTIG A
7ggMd2kMLvHxFRpUocaJvE	Fata Morgana	FATAMORGANA	Andreas Cremer,Philipp Handke	Ibiza House Classics	0050834963	FATA MORGANA	ANDREAS CREMER/PHILIPP HANDKE
4HInoGZUGFFjFWq3IAwKTw	Superfine Love	SUPERFINELOVE	"Biancaniello,Cohen,Frank ""Killer Bee"" Martin,Jeffrey Cohen,Louis Biancaniello,Narada Michael Walden,Skylar Jett,Walden"	Al Jarreau	0005190169	SUPERFINE LOVE	WALDEN N/BIANCANIELLO L/COHEN J
4I1keiyuvoJkcGdk8Efq3D	Reunion	REUNION	Gerry Mulligan	Chet Baker,Gerry Mulligan	0041729689	REUNION	MULLIGAN
3s8gmcDD3MLdyPeyDoEIK8	Botanist	BOTANIST	Samuel Thomas Yeldham	Guineafowl	0038775177	BOTANIST	YELDHAM SAMUEL THOMAS
14iXpUJUEoXM9ADK29zT9h	Plea Bargain	PLEABARGAIN	Marc Shaiman	Marc Shaiman	0010402131	PLEA BARGAIN	SHAIMAN MARC
07g2acZ6kljLjk0Xif8MtC	You Started Something	YOUSTARTEDSOMETHIN	Matt Aitken,Mike Stock,Peter Waterman	Samantha Fox	0011631482	YOU STARTED SOMETHING	WATERMAN P/STOCK M/AITKEN M
4tu2wvKfJeaKS8uIySXrHR	Em Algum Lugar no Tempo	EMALGUMLUGARNOTEMPO	Alvaro Birita,Bruno Gouveia,Carlos Coelho,Manno Goes,Miguel Flores da Cunha	Biquini CavadÃÂ£o	0054528419	EM ALGUM LUGAR NO TEMPO	MIGUEL/BRUNO/ALVARO/COELHO/MANNO GOES
7bgL7kWbCPhFh9ccpmlikL	Nu Exciters	NUEXCITER	Peter LaSalle,Ralf Eckert	Eckert,Lasalle	0048909829	NU EXCITERS	RALF ECKERT/PETER LASALLE
3EPleXomzYCh6w1bkBHhEF	Hats (Makes Me Wanna Holler)	HAT	Jean-Paul Maunick,Richard Bull	Incognito	0046302347	HATS (MAKES ME WANNA HOLLER)	BULL R/MAUNICK E
1xeMq87xBMSLpjXo85jIOQ	Country Roads	COUNTRYROAD	John Denver,Mary Danoff,William Danoff	Me First and the Gimme Gimmes	0001453379	TAKE ME HOME COUNTRY ROADS (ORIGINAL VERSION)	DENVER J/DANOFF B/DANOFF M
1NIgovf0IUMcggtYPJRp6C	The Final Absolution	FINALABSOLUTION	Ian Jekelis,Kenneth Steven Bedene,Mendel bij de Leij,Stefano Franceschini,Sven De Caluwe	Aborted	0054475923	THE FINAL ABSOLUTION	BIJ DE LEIJ/DECALUWE/FRANCESCHINI/JEKELI
0uzhVVCG73nBIngV1hpyvY	I Can't Let Go	ICANTLETGO	Al Gorgoni,Chip Taylor,Ltd.,Stone House Productions	Gorgoni,Martin & Taylor	0000881406	I CANT LET GO	GORGONI A/TAYLOR C
7KYItmZqiTnvfuO42oc6Og	Agar Tu Hota	AGARTUHOTA	Abhendra Kumar Upadhyay,Ankit Tiwari	Ankit Tiwari	0049986704	AGAR TU HOTA	TIWARI A/UPADHYAY A
2mmFemFfAyv9kGffdjhGqC	Alguien Que Se Cruce En Mi Camino	ALGUIENQUESECRUCEENMICAMI	Cacho Valdez,Eduardo Franco	Los Iracundos	0047919020	ALGUIEN QUE SE CRUCE EN MI CAMINO	EDUARDO FRANCO/CACHO VALDEZ/EDUARDO FRAN
5eDYqeMnqFNAHochPlvD9b	Taco Wagon	TACOWAGON	Dick Dale and his Del-Tones	Dick Dale and his Del-Tones	0028848155	TACO WAGON	DALE DICK
5U9MWOE39IQ7dcPDT0XO3T	Mother Goose: i. Sleeping Beauty	MOTHERGOOSEISLEEPINBEAUTY	Maurice Ravel	Philharmonia Orchestra	0050173612	MOTHER GOOSE: I. SLEEPING BEAUTY	MAURICE RAVEL
47A2Tce2Zpgq0hl45qJki3	Appreciate You	APRECIATEYOU	Monte Level Kelley	Tay Kelley	0053724138	APPRECIATE YOU	MONTE LEVEL KELLEY
1SzovCA1H8KPmhRm6BchKt	Trilogy for Krishna: Krishna II - Holy Denying	TRILOGYFORKRISHNAKRISHNAI	Arthur Andres Ribeiro	Uakti	0049046013	TRILOGY FOR KRISHNA: KRISHNA I - HOLY AFFIRMING	ARTHUR ANDRES RIBEIRO
2B8VErJAQkqP0bM6Mb33sL	Kapardina	KAPARDINA	Hristoforos Krokidis,Lefteris Papadopoulos	Vasilis Papakonstadinou	0055231944	KAPARDINA	HRISTOFOROS KROKIDIS
1AWKAG5IljRnoEromiawhk	It's Too Late	ITSTOOLATE	James Newton Howard	James Newton Howard	0021792442	IT'S TOO LATE	HOWARD JAMES NEWTON
1LGMu3k03UURXTuATa2xdg	"The Shadow of Your Smile (Love Theme from ""The Sandpiper"")"	SHADOWOFYOURSMILE	Ernie Freeman,Johnny Mandel,Paul Francis Webster	Vic Damone	0000484068	SHADOW OF YOUR SMILE	MANDEL J/WEBSTER P
7qLN09P7CvMTikaavrkGUr	Revitalize	REVITALISE	Kay(fabe) LaNoise,Melanie GÃÂ¼ntzschel,Rico Suchatzki	Wynardtage	0044368966	REVITALIZE	KAYFABE LANOISE/RICO SUCHATZKI/MELANIE G
0SSIr855WMaF6rWXjZvgRo	Habit of Mind	HABITOFMIND	Daniel Clarke,Joshua Grange,k.d. lang	k.d. lang,the Siss Boom Bang	0040753013	HABIT OF MIND	LANG K/GRANGE J/CLARKE D
6f4OdqA93uyv2K6UeEbKXU	St. Anger	ANGER	Dennis Lisk,Guido Weiss,Jan Phillip Eissfeldt	Beginner	0033721788	ST. ANGER	EISSFELDT J/LISK D/WEISS G
5GoGjEsPvr0McJQiGGCnws	Man Listen	MANLISTEN	A. Balshe,Ben Diehl,Danny Nguyen,K. Khaled	Belly	0052016445	MAN LISTEN	DIEHL B/BALSHE A/KHALED K/NGUYEN D
7c6opaRm7F0yivzl40LRqJ	Undercover of My Skin	UNDERCOVEROFMYSKIN	Benjamin Robert Walker,Jan Skubiszewski	Benny Walker	0054098394	UNDERCOVER OF MY SKIN	WALKER B/SKUBISZEWSKI J
7koVKROalkRPaeMFFzcyfw	Das Rheingold, WWV 86A / Erste Szene: Weia! Waga! Woge du Welle! - Live At Staatsoper, Vienna / 2011	RHEINGOLDWV86AERSTESZENEW	Richard Wagner	Christian Thielemann,Ileana Tonca,Tomasz Konieczny,Ulrike Helzel,Vienna State Opera Orchestra,Zoryana Kushpler	0050498186	DAS RHEINGOLD, WWV 86A, ERSTE SZENE: WEIA! WAGA! WOGE, DU WE	RICHARD WAGNER
4INqVSyfEPwnTkHtCwhIAb	Love Me Tender	LOVEMETENDER	E Presley,VG Matson	Daniel O'Donnell	0000808505	LOVE ME TENDER	PRESLEY E/MATSON V
4toHIBRIKMEEE61SusEwes	Higher - Jerry Folk Remix	HIGHERJERYFOLKREMIX	Ketil Jansen,Maty Noyes,Sebastian Teigen,Ulrik Denizou Lund	Lemaitre	0053240634	HIGHER JERRY FOLK REMIX	MATY NOYES/KETIL JANSEN/SEBASTIAN TEIGEN
0sBjk0d2JfH0foHkt1VXPD	Rations	RATION	Coby Brown	Coby Brown	0049517010	RATIONS	BROWN COBY
6jTuYb8VuMrlooQy45eN03	Equinox	EQUINOX	Ivan Myslikovjan,Lucie Burns	Lazy Hammock	0043540276	EQUINOX	 BURNS LUCIE/MYSLIKOVJAN IVAN
2rArUcVf6tenO8UL54keho	Jussara	JUSARA	Quincas Moreira	Zuco 103	0033459634	JUSSARA	MOREIRA QUICAS
4aYnfoTYbbyDr6v2RaicYB	Do It Together	DOITTOGETHER	Adam Baker,Daniel Rankine,Daniel Yates,Matthew Honson,Matthew Lambert	Funkoars	0037389933	DO IT TOGETHER	YATES/RANKINE/BAKER/HONSON/LAMBERT
4m1opmaYT9zk5OP7IHUb9R	Call To Arms	CALTOARM	Sturgill Simpson	Sturgill Simpson	0049532754	CALL TO ARMS	SIMPSON JOHN STURGILL
4d0yzZtMPYKU6AmijCNpLj	Concerto for Violin and Organ in C Major, RV 808: III. Allegro	CONCERTOFORVIOLIN&ORGANIN	Antonio Vivaldi	Amandine Beyer,Gli Incogniti	0043514861	CONCERTO FOR VIOLIN AND ORGAN IN C MAJOR, RV 808: III. ALLEG	ANTONIO VIVALDI
25Q5OflSxjMcI6er7dshoS	Dionysian Urge	DIONYSIANURGE	Tim Wheeler	Ash	0039484292	DIONYSIAN URGE	WHEELER TIMOTHY JAMES ARTHUR
0lVrzRQJbBdQnTr57e70t1	Thumbelina	THUMBELINA	Frank Loesser	Bernard Cribbins	0003149201	THUMBELINA	LOESSER FRANK
7HsVqk0jBaixdESPtbxDwf	Adorations	ADORATION	Jaz Coleman,Kevin Walker,Martin Glover,Paul Ferguson	Killing Joke	0002965159	ADORATIONS	COLEMAN J/FERGUSON M/RAVEN P/WALKER K
7s0CqOvyKGkyPLl6N2Bg9I	Kiss Me	KISME	Stephen Duffy	Stephen Duffy	0009494345	KISS ME	DUFFY STEPHEN ANTHONY JAMES
3SIEL0FHZrOmYb6YdCPXER	Liebster Gott, wenn werd ich sterben, BWV 8: Recitative: Behalte nur, o Welt, das Meine! (Soprano)	LIEBSTERGOTWENWERDICHSTER	Johann Sebastian Bach	English Baroque Soloists,Katherine Fuge,Mark Padmore,Robin Tyson,The Monteverdi Choir,Thomas Guthrie	0041900984	LIEBSTER GOTT, WENN WERD ICH STERBEN, BWV 8: ACCOMPANIED REC	JOHANN SEBASTIAN BACH/CASPAR NEUMANN
7ByyYB8M24L0dGUh5f2ZUL	Krajina je majka	KRAJINAJEMAJKA	Velimir Zivkovic	Bora Drljaca	0043328731	KRAJINA JE MAJKA	ZIVKOVIC V/ZIVKOVIC V
4JkoBVUPDMc4PbBctG2ySs	Hulapalu	HULAPALU	Andreas Gabalier	Die Grubertaler	0048208280	HULAPALU	GABALIER ANDREAS
3CKH9RNXLcvl6baYJUybCL	Koliko Je Prevarenih	KOLIKOJEPREVARENIH	Zlatko Timotic Zlaja	Dragana Mirkovic	0047891892	KOLIKO JE PREVARENIH	ZLATKO TIMOTIC ZLAJA
7eDjwwpghuiCEVXhtel8Zy	Dankbar	DANKBAR	Benjamin Stottmeister	Herr von Grau	0045989523	DANKBAR	BENJAMIN STOTTMEISTER
40esUsEMmw0qwhnGMseDgR	You Lose	YOULOSE	Stefan Becher	Delusions of Lunacy	0044518681	YOU LOSE	STEFAN BECHER
4nYysvyXvE31PB8KVJWDoM	Who Dat	WHODAT	Christopher A. Stewart,Diandre Davis,JT Money,Thabiso Nkhereanye,Tony Mercedes,Tonya Johnston	JT Money	0019432337	WHO DAT	DAVIS/JOHNSTON/NKHEREANYE/STEWART/THOMPK
79xLmqnrSLtzrTlCOkmTmq	Call Upon	CALUPON	Samuel Gray,Steve Manovski	Penthox	0054676411	CALL UPON	GRAY S/MANOVSKI S/ESTRADE L/SUNDBAUM E
4x9Aig6PzVapoeeYoNocYC	Opened	OPENED	Patrick Robert Lynch,Philip Andrews Duchesne,Sergio Andres Barrera	Horizons	0053496331	OPENED	PATRICK ROBERT LYNCH/PHILIP ANDREWS DUCH
3YAoxvQt6hpSbmQ9HIom01	Rugged Country	RUGEDCOUNTRY	Michelle Zauner	Japanese Breakfast	0049731795	RUGGED COUNTRY	ZAUNER MICHELLE CHONGMI
0tGIRDsFl3j5TMbK7nK2Ji	The Great Water Sequel	GREATWATERSEQUEL	Fredric Lindblom,Robin Eveborn	Last Lynx	0055357834	THE GREAT WATER SEQUEL	FREDRIC LINDBLOM/FREDRIC LINDBLOM/ROBIN
5vBCcgTVe22nwY3EGMXdvh	Dixie Boogie	DIXIEBOOGIE	Atwell,T Rad	Winifred Atwell	0002380202	DIXIE BOOGIE	ATWELL WINIFRED
38casNXY2G39SZRUjALtcY	How I Roll	HOWIROL	Bonnie McKee,Christian Karlsson,Henrik Jonback,Magnus LidehÃÂ¤ll,Nicole Morier,Pontus Winnberg	Britney Spears	0040782333	HOW I ROLL	KARLSSON/WINNBERG/LIDEHALL/JONBACK/MCKEE
4I08B4Z8l5jroZYupuna8h	Please Come Back	PLEASECOMEBACK	Dag Sindre Vagle	Helldorado	0047424715	PLEASE COME BACK	DAG SINDRE VAGLE/DAG SINDRE VAGLE
2nwBoEYXhXKsLp0A88DZI4	The Photographer: Act II	PHOTOGRAPHERACTII	Philip Glass	Philip Glass Ensemble	0042708479	THE PHOTOGRAPHER: ACT II	PHILIP GLASS
528YVqE16CenL0aLYrJOej	Yang Terlewatkan	YANGTERLEWATKAN	Eross Chandra	Sheila On 7	0038000002	YANG TERLEWATKAN	CANDRA EROSS
0NerbJg3H6xJMjAiUH4R9y	Colliepark	COLIEPARK	Sinistarr	Sinistarr	0042360762	COLLIEPARK	SINISTARR
719sQR7qma8K6kgMlpQSOe	I Don't Mind	IDONTMIND	Vinzenz John	Vince Johnson	0055106640	I DON'T MIND	VINZENZ JOHN
4ZVZB9inlBtfFPUdnOu4AT	Bluebird	BLUEBIRD	Katie Noonan	Katie Noonan	0033178417	BLUEBIRD	NOONAN KATIE ANNE
35e7ckbWgHjHI9n3oL6jnd	Malade	MALADE	Eazy Dew,Pierre Bertrand,RomÃÂ©o Elvis,Vladimir Cauchemar	RomÃÂ©o Elvis	0055526217	MALADE	ELVIS R/BERTRAND P/BRIERE G
2wRZk21Klib9hcPslNwyqD	Dembese	DEMBESE	Tete Mbambisa	Brian Thusi	0040785791	DEMBESE	THUSI B/MAMBISA T
7MnxdsnHrXOgnqpAv6K04d	Why Don't You Fall in Love with Me? - Remastered	WHYDONTYOUFALINLOVEWITHME	Al Lewis,Mabel Wayne	Connee Boswell	0003248453	WHY DONT YOU FALL IN LOVE WITH ME	LEWIS A/WAYNE M
252htgicGlEQdV2se6iZdJ	Dear X, You Don't Own Me	DEARXYOUDONTOWNME	Ben Glover,Kevin Young,Rob Hawkins	Disciple	0040170853	DEAR X YOU DON'T OWN ME	YOUNG K/GLOVER B/HAWKINS R
40nsQucs2zbec1F8JBi0iJ	New Generation	NEWGENERATION	Csaba Zvekan	Raven Lord	0052169085	NEW GENERATION	CSABA ZVEKAN
2gU1CTTz1Gl05yF13Ub2Ol	Let Me Fall in Love	LETMEFALINLOVE	Sebastian Olzanski	Sebastian Olzanski	0055511794	LET ME FALL IN LOVE	SEBASTIAN OLZANSKI
3iWHl7QFmQ9HmXgDEyzxop	Sign Of Relief	SIGNOFRELIEF	Anne Jennifer Dudley,Gary Langan,Jonathan Edward Jeczalik,Paul Robert Morley,Trevor Charles Horn	Art Of Noise	0044739698	SIGN OF RELIEF	DUDLEY/HORN/JECZALIK/LANGAN/MORLEY
1aexn5XUwWBcCn8T36IYK3	Joy Through Death	JOYTHROUGHDEATH	Aleksi KiiskilÃÂ¤,Juho Vanhanen,Mat McNerney,Rainer Tuomikanto,Valtteri Arino	Grave Pleasures	0052428529	JOY THROUGH DEATH	/VANHANEN/MCNERNEY/ARR/ARINO/KIISKILAE/T
4O0YeW6g2zD3uPUbqR2i5G	Any Other Way	ANYOTHERWAY	William Bell	Jackie Shane	0034360211	ANY OTHER WAY	BELL WILLIAM (USA)
45nQhPpDCj5ORSgFPv8EHw	Rise Up	RISEUP	A. Mason,E. Banta	Greenwood Rhythm Coalition	0051806646	RISE UP	BANTA E/MASON A
4lJO3eyYqw9CT8mKljyJu5	Sunday Kinda Love (feat. Aaron Lindsey, PJ Morton & Nikki Ross)	SUNDAYKINDALOVE	Aaron Lindsey,Israel Houghton	Israel Houghton	0045299367	SUNDAY KINDA LOVE	LINDSEY A/HOUGHTON I
58gn5gg9fpam1eQB0MLHe2	To Be By Your Side	TOBEBYYOURSIDE	Bruno Coulais,Nick Cave	Nick Cave	0033505468	TO BE BY YOUR SIDE	COULAIS B/CAVE N
0AjfHlfaz7JEvPMsPJNeXO	"Flying Theme (From ""E. T."")"	FLYINTHEME	John Williams	Philharmonische Orchester des Staatstheaters Cottbus	0001151252	FLYING THEME (FROM E.T.)	WILLIAMS JOHN T
3PhIQPwCeWV5TfrZkuwXWp	Too Fat Polka	TOOFATPOLKA	Arthur Richardson,Ross Mac Lean	Craig Duncan	0001112096	TOO FAT POLKA	MACLEAN R/RICHARDSON A
00ObrTLihRBZzDGPypzxON	Por Eso, Estoy Preso	PORESOESTOYPRESO	Cacho Valdez,Eduardo Franco,Momy	Los Iracundos	0031116800	POR ESO ESTOY PRESO	FINKELBERG J/FRANCO D/MOSENKIS J
2buPtPaKomtwoT8YvxO13f	L'Anno Che VerrÃÂ 	LANOCHEVERA	Lucio Dalla	Lucio Dalla	0001388079	L'ANNO CHE VERRA	DALLA LUCIO
4drhI0HFUrZhtQFM6UTezn	A Guy That I'd Kinda Be Into	GUYTHATIDKINDABEINTO	Joe Iconis	'Be More Chill' Ensemble,Be More Chill,Stephanie Hsu	0049019152	GUY THAT I'D KINDA BE INTO	ICONIS JOSEPH P
0FwmxfNxIpFhyWVYhFHDBw	Un mundo de zurdos	MUNDODEZURDO	Ferran PontÃÂ³n	Egon Soda	0049298311	UN MUNDO DE ZURDOS	FERNANDO PONTON
5Xz7X81CO6r9o6nD9cMCb3	Million Miles	MILIONMILE	Dirk Duderstadt,Marco Duderstadt	Inpetto	0051743455	MILLION MILES	DUDERSTADT/DUDERSTADT/LINSCHOTEN VAN/TIK
2uOctwnoNqfkEVwEwqzLHt	Africans	AFRICAN	Farhad Samadzada,Nneka-Lucia Egbuna,Sven Waje	Nneka	0042352368	AFRICANS	WAJE S/SAMADZADA F/EGBUNA N
4lRgXXGKwulNmOP9IPFE9I	Bout Mine	BOUTMINE	A. Thompson,L. Smith,M. Seymour,M. Young,T. CASTILLO,W. Roberts	Trick Daddy	0029652303	'BOUT MINE	YOUNG/ROBERTS/SEYMOUR/CASTILLO/THOMPSON
11cLIOqkyRLR3huCNp3XmH	Sonata for Violin and Basso Continuo in E Minor, TWV 41:e8: IV. Allegro	SONATAFORVIOLIN&BASOCONTI	Georg Philipp Telemann	Boris Begelman	0048531178	SONATA FOR VIOLIN AND BASSO CONTINUO IN E MINOR, TWV 41:E8:	GEORG PHILIPP TELEMANN
3FF9wbD0NhvitcpIl4475p	Introducing Pikuniku Again, Trailer 2	INTRODUCINPIKUNIKUAGAINTR	Calum Bowen	Calum Bowen	0055754994	INTRODUCING PIKUNIKU AGAIN, TRAILER 2	CALUM BOWEN
2RQsuMwdpU6kJaqXEjWQJ4	Evening Meditation	EVENINMEDITATION	Marco Rinaldo	Kundalini: Yoga,Meditation,Relaxation	0053047862	EVENING MEDITATION	MARCO RINALDO
3UvbQ1Z0TzAcudQGAAqzKq	Parting Gifts	PARTINGIFT	Loene Carmen	Lo Carmen	0051001008	PARTING GIFTS	CARMEN LOENE
3NelcGZ46JmV9LqOD1pnxA	Faith (feat. Quavo)	FAITH	AMIR ESMAILIAN,Navraj Goraya,Quavo,Trouble	NAV	0054082574	FAITH	GORAYA/MARSHALL/BACCHUS/ESMAILIAN
3vVwpJHliGBdF25iKpUBL9	Egyptian Fantasy	EGYPTIANFANTASY	Bechet,Reid	Sidney Bechet	0000067832	EGYPTIAN FANTASY	/BECHET S/REID J
0Fifn4lBIGM5LG18Whp1Dx	Corners	CORNER	Denny White,Isaac Slade,Joe King,Julia Michaels	The Fray	0049004735	CORNERS	MICHAELS J/WHITE D/KING J/SLADE I
77mUbCKj0mRaJmDOZZHqp5	The Jinnouchi Family	JINOUCHIFAMILY	Akihiko Matsumoto	Akihiko Matsumoto	0051042344	THE JINNOUCHI FAMILY	AKIHIKO MATSUMOTO
7BFXyMBsWhla1B5Sg9eTYJ	Musik im Polkaschwung	MUSIKIMPOLKASCHWUNG	Huby Mayer	Die Fidelen MÃÂ¶lltaler	0051655574	MUSIK IM POLKASCHWUNG	MAYER HUBY
5OIUh3wKcgz17QJeeuN2uM	No Way Out	NOWAYOUT	Christopher Hjelte,Thomas Sundin	Dr. Living Dead	0047740039	NO WAY OUT	PETERSSON S/HJELTE C
24CCu1Cu0iyKH6UpgV2DsU	We Believe (Apostle's Creed)	WEBELIEVE	Keith Getty,Kristyn Getty,Stuart Townend	Keith & Kristyn Getty	0050030334	WE BELIEVE (APOSTLE'S CREED)	GETTY K/LENNOX K/TOWNEND S
0T7HXGIo3QUS0y760PQse0	Seemannslied	SEEMANSLIED	Eric Hecht,Ingo Hampf,Michael Bodenski	Subway To Sally	0035676743	SEEMANNSLIED	BODEN M/HAMPF I/HECHT E/HECHT G
5lAUS46liAnSyUYg7JXlMT	Fiesta: II. Tarantella	FIESTAIITARANTELA	"Scott Tenant (based on Horacio Salinas's compositions for ""Inti Illimani"")"	Los Angeles Guitar Quartet	0043709826	FIESTA: II. TARANTELLA	SCOTT TENANT
7xnxVpJdZW2LKHuaWAD3Nl	Kadath	KADATH	NECRONOMIDOL	NECRONOMIDOL	0055129334	KADATH	NECRONOMIDOL
06xImgTBqFA091xRsP7b5O	Get Me To The Church On Time	GETMETOCHURCHONTIME	Alan Jay Lerner,Frederick Loewe	Nat King Cole	0001478044	GET ME TO THE CHURCH ON TIME	LERNER A/LOEWE F
7McphnwCoNfmUF8xfDmIz4	Miss U	MISU	Kruse,Nuernberg,Teeange Mutants	Kruse & Nuernberg,Teenage Mutants	0047429460	MISS U	KRUSE/NUERNBERG/TEEANGE MUTANTS
4InHKArd1x3l1jiRuELeEj	Mas Que Nada	MASQUENADA	Jorge Ben Jor	MC Joe,The Vanillas	0002139384	MAS QUE NADA	/MENEZES JORGE LIMA/JORGE BEN
1cJplXaTMuBgA4qTc90MgW	I Forgot	IFORGOT	Turboweekend	Turboweekend	0043062367	I FORGOT	TURBOWEEKEND
781CvX8B4kgvwdfVmWuv94	Cotton Candy (Craig C. Retro Blaster Remix)	COTONCANDY	Chris Castagno,Danny Blumenfeld,Luke Caswell	Amanda Lepore	0041530785	COTTON CANDY	BLUMENFELD D/CASTAGNO C/CASWELL L
6ZhlMEJK5UIO1djk8qx9lm	O Caminho	OCAMINHO	Bebel Gilberto	Bebel Gilberto	0033511666	O CAMINHO	GILBERTO BEBEL
34iWBchBQIeCeqy3yMLP74	En tid av stulen lycka	ENTIDAVSTULENLYCKA	Haidi Krohn,Kent Fingal	Lasse Stefanz	0044560623	EN TID AV STULEN LYCKA	KENT FINGAL
729IOhIgI8kW0WtgdLCAXJ	The Dancing in Kyle	DANCININKYLE	Duguid,Pritchard	The Alexander Brothers	0043787709	THE DANCING IN KYLE	PRITCHARD/DUGUID/ARR SCOTT
6tNlelof8u1o8pIq0DBBSB	The Return	RETURN	Dominic Thomas	Whyte Horses	0053517592	THE RETURN	THOMAS DOMINIC RUSSELL
0u59seilVVIiqnrxZiQPCK	Me Leva Pra Casa	MELEVAPRACASA	Carlos Roberto Piazolli,Cesar Augusto,JosÃÂ© Paulo Soares,Mario Campanha,Martinez,Piska	ZezÃÂ© Di Camargo & Luciano	0012173518	ME LEVA PRA CASA	PISKA  /AUGUSTO CESAR  /PLOPSCHI ZENITH
3ZBFngMpeioFtHj0uryZGx	Salaa yksinÃÂ¤inen nainen	SALAYKSINAINENNAINEN	Laura NÃÂ¤rhi,Matti Mikkola	Laura NÃÂ¤rhi	0040359006	SALAA YKSINAINEN NAINEN	MATTI MIKKOLA
1qgmJ4zIuP3PX0M5Exdv98	Happy Go Lucky	HAPYGOLUCKY	Paul Hardcastle	Paul Hardcastle	0054519614	HAPPY GO LUCKY	PAUL HARDCASTLE
1zbFYFFp003w3i6o0foVeW	Moonlight Night	MOONLIGHTNIGHT	-,Robbie van Leeuwen	Shocking Blue	0031709695	MOONLIGHT NIGHT	LEEUWEN ROB
5pwfHIykTlUJzzniVC18hl	Music	MUSIC	Ali Schwarz,Basti Schwarz,Joy Denalane,Peter Hoff	Tiefschwarz	0026080272	MUSIC	HOFF P/SCHWARZ S/SCHWARZ A/DENALANE J
0EkGVxpPTlO5774mopmmBn	PasiÃÂ³n y AdiÃÂ³s	PASIONYADIO	Liliana Gimenez,Stefano Micarelli	Alacran	0048388590	PASION Y ADIOS (IT)	MICARELLI S/GIMENEZ L
2XWOFeKVnwP6X4uJL0s9W8	Funk de Fino	FUNKDEFINO	Graham Drinnan	Gypsy	0022425577	FUNK DE FINO	DRINNAN GRAHAM
2FOBFj915HDE0yfLKmZogJ	Empty Batteries	EMPTYBATERIE	Adam Woloszyn,Bradley Chester Kochmit,Elias Soriano,Rasheed Thomas,Robb Rivera	Nonpoint	0054388178	EMPTY BATTERIES	ELIAS SORIANO/BRADLEY CHESTER KOCHMIT/RA
2152wA6Fzj72ouJNABlZMC	Omstart	OMSTART	Eirik Boe,Erik Boe,Erlend Oye,ErlendOye&EirikBoe,Keigo Oyamada	Cornelius	0034859668	OMSTART	BOEE E/OEYE E/OYAMADA K
0ygOxj62KAQpaODqo7GVFI	Jigsaw	JIGSAW	Gene Shinozaki	Gene Shinozaki	0055228693	JIGSAW	GENE SHINOZAKI/KAILA MULLADY
2V7QMzG6hyKXQQ8RVuBAZp	Queens	QUEEN	Her,Zefire	Her	0051452403	QUEENS	HER/ZEFIRE
5JKiY5vBCnXPIj5mQHuhJu	Welcome to New Zealand	WELCOMETONEWZEALAND	Douglas Stenhouse,Katherine Rosina Bee	Kath Bee	0049685055	WELCOME TO NEW ZEALAND	BEE K/STENHOUSE D
6F2BORgWIvqv7HgFQ7tUi1	Battle Sirens (feat. Knife Party)	BATLESIREN	Gareth McGrillen,Rob Swire,Tom Morello	Tom Morello	0049786305	BATTLE SIRENS	SWIRE T/MORELLO T/MCGRILLEN G
7nwV6uwksCWKqIhJ2Ri7qM	Massage Lounge Music	MASAGELOUNGEMUSIC	Marco Rinaldo	Massage Wellness Moment	0051944427	MASSAGE LOUNGE MUSIC	MARCO RINALDO/NIEZNANY
2wsZz1q8bhTnP6I1uvmVGj	Lebe deinen Traum	LEBEDEINENTRAUM	Thomas Hammerl	Oberkrainer Power	0046488755	LEBE DEINEN TRAUM	THOMAS HAMMERL
2hw3gvVGXnF50DMHnVBwb2	Doesn't Matter Anyway	DOESNTMATERANYWAY	Jon Oliva,Paul O'Neill	Savatage	0041957722	DOESN'T MATTER ANYWAY	JON OLIVA/JON OLIVA/PAUL ONEILL/PAUL ONE
6Oq7fsdhGo8YfK9QqhT2HW	Tearing Me Up	TEARINMEUP	Matt Shelton	Wolverines	0029786788	TEARING ME UP	SHELTON MATTHEW
740FyKQuCtseWohjEtW2c0	Everything	EVERYTHIN	Christopher Cross,Rob Meurer	Christopher Cross	0040772638	EVERYTHING	CROSS CHRISTOPHER/MEURER ROB
666oy0OHH5qGtJgTnC6tfA	Hello (It's Me Are You There)	HELO	Thilo Jacks	Jaqee	0053466611	HELLO (IT'S ME ARE YOU THERE) (DE)	THILO JACKS
3W3P5rOSOP6gxqZFzSe8xL	Sur mon epaule	SURMONEPAULE	D. McNeil,E Anais,Philippe Lavil	Philippe Lavil	0046537192	SUR MON EPAULE	ANAIS E/LAVIL P/MC NEIL D
1cEX1AYeEul6KJzUvweWdK	Got To Cry	GOTTOCRY	James Brown	James Brown & The Famous Flames	0042968936	GOT TO CRY	BROWN J/BROWN J
7Fx9WpTSXLTQux8MrXEGkU	The Forest Floor	FORESTFLOOR	Christopher Johnson	Baba Bubo,Kri Samadhi	0051165143	THE FOREST FLOOR	CHRISTOPHER JOHNSON
4199BdsVeDq0CN0HQpHfQ4	Orange Loft	ORANGELOFT	Marcel FlorschÃÂ¼tz,Thomas Knoll	Boss Axis	0041002559	ORANGE LOFT	MARCEL FLORSCHUTZ
7M0GaGDy4MMGZxiVMZjMja	Chillout 69	CHILOUT69	Marco Rinaldo	Beach House Chillout Music Academy,Chillout,Ibiza Chill Out	0053476452	CHILL OUT 69	MARCO RINALDO
6hWOzchcVbVHuyA5Mb88bs	Secret Agent	SECRETAGENT	Philip Glass	English Chamber Orchestra	0013915426	SECRET AGENT (THEME)	GLASS PHILIP
2mkRpRkO1rMnUB6b9fEvYE	Just for Her	JUSTFORHER	The Last Resort	Logic	0048380991	JUST FOR HER	LAST RESORT
08r5ou7k9ZaLiHN8TX5RWo	One For My Baby	ONEFORMYBABY	Harold Arlen,Johnny Mercer	Robbie Williams	0001563920	ONE FOR MY BABY	ARLEN H/MERCER J
52gNbUZRu5pY9l5e1ahtkS	A Thousand Years (Sax Melody)	THOUSANDYEAR	Christina Judith Perri,David Hodges	The Rubber Band	0041933034	A THOUSAND YEARS	PERRI C/HODGES D
7dGkM8V2ONUzPfQ9FdHOVf	Recercada Romanesca	RECERCADAROMANESCA	Diego Ortiz	Capella De La Torre	0050905986	RECERCADA ROMANESCA	DIEGO ORTIZ
1M3S6bnTa3mRMLUZqzkUbA	Brand New	BRANDNEW	Brooklyn JovÃÂ© Pakathi,Jacques Du Toit,Luca Ronald Zeeman,Nicolas Gonzalez,Wesley Smuts	Climate Control	0055699603	BRAND NEW	NICOLAS GONZALEZ/BROOKLYN JOVE PAKATHI/J
0xdhqG3HQBOBviaMEiPgHR	Tap Tap Tap	TAPTAPTAP	Drumcorps	Drumcorps	0052968073	TAP TAP TAP	DRUMCORPS
4EzUG55GQmovhxjqUWSiYo	Gate 3	GATE3	J. Ginzburg,P. Purgas	Emptyset	0039381677	GATE 3	GINZBURG J/PURGAS P
4yoi5sglz8YR3SX2WwPpgC	Our Father	OURFATHER	Brooke Ligertwood,Jonas Myrin,Scott Ligertwood	Hillsong Worship	0046287633	OUR FATHER	FRASER B/LIGERTWOOD S/MYRIN J
2uYnPIbuOAAT6h0pLgF4vQ	Sandman	SANDMAN	Michael E	Michael E	0047603846	SANDMAN	MICHAEL E FRITH
5cR93FH9SJKzkS6QhPHg7W	Llamame	LAMAME	Emmanuel Horvilleur,Rafael Arcaute	Emmanuel Horvilleur	0036443293	LLAMAME	HORVILLEUR E/ARCAUTE R
6v8FXSmKMFGwFp23wK1DXD	Tell Me	TELME	Allan Ayque,Louie Ocampo	Joey Albert	0033406117	TELL ME	/OCAMPO LOUIE/AYQUE A/OCAMPO JR J
73liEZrnhX2XNXSLifO2xM	Get Away	GETAWAY	Andreas Dyre Odbjerg,Andreas Kongsted Jensen,Ben Cauley,Daniel Thorup,David Porter,Haruna James Wasajja,Harvey J Henderson,Ida Kudo HÃÂ¸ffding,James Alexander,Larry Charles Dodson,Steffen Simon Aba,Willie Hall,Winston Allen Stewart	Kongsted	0052757280	GET AWAY	JENSEN/ABA/HOEFFDING/ODBJERG/THORUP/WASA
3swIgDTjS5zcmsVzvTeTMr	The Unicorn	UNICORN	Shel,Silverstein	The Wayfarers	0000125999	UNICORN	SILVERSTEIN SHEL
6rOP9e8fg8PBe5qyJzKvVa	Violet Hill	VIOLETHIL	C. Martin,M. Buckland. W. Champion,R. Berryman	Vitamin String Quartet	0036581645	VIOLET HILL	BERRYMAN/BUCKLAND/CHAMPION/MARTIN
7oIPYcHVsiDZSrHYeA0ogg	Real Love	REALLOVE	Adrianne Elizabeth Lenker	Big Thief	0049960685	REAL LOVE	LENKER ADRIANNE ELIZABETH
7wZIqkXJOFzhr49aWNpsTw	Spinoza	SPINOZA	Edward Bartlett Joyner,Grant Evan Widmer	Generationals	0043712270	SPINOZA	JOYNER E/WIDMER G
6o6OO0SPFoIDM7j4zrvuNg	Rigor Mortis	RIGORMORTI	Cyril Neville,George Porter Jr.,Joseph Modeliste,Leo Nocentelli	The Meters	0012290190	RIGOR MORTIS	NEVILLE/PORTER/MODELISTE/NOCENTELLI
4BoNrxrQ6V0iKkExokBoKO	Train Song	TRAINSONG	Danny Fishman	Danny Fishman	0054248446	TRAIN SONG	DANNY FISHMAN
1BTzAdZzbFTMOhnpdnVYJ5	Ladies & Gentlemen	LADIES&GENTLEMEN	Giordano Trivellato,Giuliano Sacchetto,Tobacco Music Edition	Pilates Trainer	0051517533	LADIES & GENTLEMEN	GIULIANO SACCHETTO/GIORDANO TRIVELLATO
4sb1gNU7avV9MXMTA4Rj4l	Quintet for Horn, Violin, 2 Violas and Bass in E-flat major, K.407: 3. Allegro	QUINTETFORHORNVIOLIN2VIOL	Wolfgang Amadeus Mozart	Endres Quartet,Sebastian Huber	0042336620	QUINTET FOR HORN, VIOLIN, 2 VIOLAS AND VIOLONCELLO IN E-FLAT	WOLFGANG AMADEUS MOZART
513XZUPAD0HDmvu6YnR4Ga	National Breakout	NATIONALBREAKOUT	Jimmy Marinos,Michael Skill,Wally Palmar	The Romantics	0009878507	NATIONAL BREAKOUT	MARINOS J/PALAMARCHUK W/SKILL M
1N1gJIwsHY0bAQWQ4GForg	Mambo & Cola	MAMBO&COLA	Bebo Best	Bebo Best,The Super Lounge Orchestra	0041681635	MAMBO & COLA	BEBO BEST
0vF8iE7IpyU9zVFlkvyjAB	Drop in the Bucket	DROPINBUCKET	Bob Dipiero,Kix Brooks	Brooks & Dunn	0034782624	DROP IN THE BUCKET	BROOKS L/DI PIERO R
7kXHxtI2Gx5xnnN3vwjCr8	Driftin'	DRIFTIN	P A Greenbaum	Gary Moore	0009703859	DRIFTING	GREEN PETER ALAN
7FAX4dW3nnxrj44TqLhL6u	La Villanella, Prima parte, Pensieri amorosi: Avrilla mia	VILANELAPRIMAPARTEPENSIER	Giovanni Girolamo Kapsberger	Christina Pluhar,Hans-JÃÂ¶rg Mammel,Johanette Zomer,L'Arpeggiata,Pino de Vittorio	0045576300	LA VILLANELLA, PRIMA PARTE, PENSIERI AMOROSI: AVRILLA MIA	ANONYMOUS/GIOVANNI GIROLAMO KAPSBERGER
1ZWqjA85CPleeQHeWMPcMx	Being with You	BEINWITHYOU	Bahram Pourmand	Bahramji & Mashti	0045602664	BEING WITH YOU	NORDHEIM M/POURMAND B
03PODiWrfNQ5s5gRwMPsv3	No Place Like Home	NOPLACELIKEHOME	Blake Andrew Keeping	Xavier Blake	0055643610	NO PLACE LIKE HOME	BLAKE ANDREW KEEPING
2vR9jqzDP339D6cFAnytV9	Chronia Polla	CHRONIAPOLA	Giannis Mplathras,Tasos Mplathras	Dimitris Giotis	0039989401	CHRONIA POLLA	GIANNIS MPLATHRAS
6DIktdaHbe32xcqQkpEycq	Ragismena Matia	RAGISMENAMATIA	Vasilis Saleas	Makis Hristodoulopoulos	0053469033	RAGISMENA MATIA	ANDREAS SPYROPOULOS/VASILIS SALEAS
3MEjLuXVGxrFBLUUmq0lni	Night Time	NIGHTTIME	Billy Strayhorn,Duke Ellington	Duke Ellington	0024793683	NIGHT TIME	ELLINGTON D /STRAYHORN B /JULIAN D
50J6OByPbz5TYqAP0llB6z	It's Me	ITSME	Mikkel Storleer Eriksen,P. T. Jackson,Tor Erik Hermansen	Joe	0034168764	IT'S ME	JACKSON P/HERMANSEN T/ERIKSEN M
7p22i75SXIAhyumjy99v4t	So Many Pros	SOMANYPRO	Calvin Broadus,Pharrell Williams	Snoop Dogg	0047899177	SO MANY PROS	BROADUS C/WILLIAMS P
6fPPRL9mdV96jPcfZWRCJU	Sunrise	SUNRISE	Ciaran O'Hagan,Denis Ferran,Dermot O Hagen,Mairtin Mac Cormaic,Micheal Proctor	Waylander	0042625045	SUNRISE	O'HAGAN/O'HAGAN/FERRAN/CORMAIC/PROCTOR
68w1iX1hdolfLsJSfqwjQj	Nocturne No.4 In F, Op.15 No.1	NOCTURNENO4INFOP15NO1	FrÃÂ©dÃÂ©ric Chopin	Maurizio Pollini	0419551288	NOCTURNE NO 4 IN F MAJOR (OP 15/1)	CHOPIN FREDERIC FRANCOIS
0pZs36idY8uJ5PwOFGUn5O	Grasshopper	GRASHOPER	Nathan Furst	Nathan Furst	0045976746	GRASSHOPPER	FURST NATHAN
33GbF5eIO6AKQewAao00mU	Fucking Friend Part II	FUCKINFRIENDPTII	Thomas Roussel,Yannick Granjean	SomethingALaMode	0050190336	FUCKING FRIEND PART II	THOMAS ROUSSEL/YANNICK GRANDJEAN
4bkT8iMD5Zaw9dhixEGykl	Roughstock Riders	ROUGHSTOCKRIDER	Steve Forde	Steve Forde & The Flange	0023106215	ROUGHSTOCK RIDERS	FORDE STEVEN JAMES
6fcssDZKqYhjGvjqNl3xhC	Frappe'	FRAPE	Stranger (Oleksandr Shevchenko),Stranger (Stefanos Gkogkakos)	Strange Yaga	0042628865	FRAPPE'	BABA YAGA/STRANGER OLEKSANDR SHEVCHENKO/
6l09c2CTcYqBhDfLGcQIq2	Medicine Weasel	MEDICINEWEASEL	Nick Pickett	The John Dummer Band	0048228579	MEDICINE WEASEL	NICK PICKETT
2uvTsEZExVjUochkvi0oF6	Mangle	MANGLE	David Cutter,Dyalla Swain	David Cutter Music,Dyalla	0055137330	MANGLE	NS (PERF BY DYALLA AND DAVID CUTTER MUSI
0z6xGK2u3nSsbk9XeKYwZQ	Flamenco Bolero	FLAMENCOBOLERO	Carlos Gomez,Gustavo Montesanos Gonzales,Maurice Ravel,Tino Di Geraldo	Gustavo Montesano/Royal Philharmonic Orchestra/Carlos Gomez	0026847438	FLAMENCO BOLERO	/RAVEL/ARR/MONTESANO GUSTAVO
4lFTM7ESXwW1LF6OD7BHmS	E-Ne-Me-Ne-Mi-Ne-Moe (The Choice Is Yours To Pull)	ENEMENEMINEMOE	David Jones,Derrick Jones,Johnny Bristol,W. Brown,Wade Jr. Brown	The Jackson 5	0036315966	E-NE-ME-NE-MI-NE-MOE (THE CHOICE IS YOURS TO PULL)	BRISTOL J/BROWN W/JONES J
0z0daz3KNGeSVxM6Qe0smA	Port Na BpucaÃÂ­	PORTNABPUCAI	Cillian Vallely	Cillian Vallely	0050774039	PORT NA B PUCAI	/TRAD/ARR/VALLELY CILLIAN
2Fv1gdO61J4vLp1bq0lT1g	If I Had Any Sense I'd Go Back Home	IFIHADANYSENSEIDGOBACKHOM	Rose Marie McCoy	Dr. John,Irma Thomas	0017577610	IF I HAD ANY SENSE I'D GO BACK HOME	MCCOY ROSE MARIE
7bylr8wnu3JviCT30GM1Va	Smoke Gets in Your Eyes	SMOKEGETSINYOUREYE	Otto Harbach	Earl Bostic	0000220935	SMOKE GETS IN YOUR EYES	KERN J/HARBACH O
184TJwsbJeji7SZPhnKyKR	No. 8	NO8	Brady Watt,Patrick Baril,utril rhaburn	Statik Selektah	0052903412	NO. 8	BARIL/BRADY/CARRILLO/PRICE/RHABURN/WORTH
2CcvYEMyJkdrSSroblMW5P	FaydasÃÂ±z	FAYDASIZ	Murat Kursun	Ayhan AÃÂan	0048670600	FAYDASIZ (TR)	MURAT KURSUN/METIN ASLAN
2X5IoY7eKXEmVSypB065f6	Vinyl Concept Tape, Vol.1 Index N09	VINYLCONCEPTTAPEVOL1INDEX	DJ Kaze	DJ Kaze	0047427227	VINYL CONCEPT TAPE, VOL.1 INDEX N08	DJ KAZE
2dd58PbAp6Nv8ux50XbLb6	If You Give Me Your Heart	IFYOUGIVEMEYOURHEART	Jimmy Lewis	Little Milton	0011300007	IF YOU'LL GIVE ME YOUR HEART	LEWIS JAMES E
3xInfkcNCM3WkEhLWq21uS	Hold On For Your Life	HOLDONFORYOURLIFE	Blake Bollinger,Sam Tinnesz	Tommee Profitt	0049984218	HOLD ON FOR YOUR LIFE	BOLLINGER W/TINNESZ S
2KGkKOny2fds0NAFSNJBR6	Will You Love Me Tomorrow	WILYOULOVEMETOMOROW	Carole King,Gerald Goffin	Bobby Vee	0002782381	WILL YOU LOVE ME TOMORROW	KING C/GOFFIN G
3WVM49k4ID2lpgLjd55vzN	No Worries	NOWORIE	Gary Allan,Odie Blackmon,Pat McLaughlin	Gary Allan	0043936738	NO WORRIES	MCLAUGHLIN P/HERZBERG G/BLACKMON C
7kFovgV7zKSKguLgsyGhGI	Four Twenty Seven	FOURTWENTYSEVEN	L. McMillan	The DJ Producer	0055700221	FOUR TWENTY SEVEN	MCMILLAN L
0gNzvlgWwOfrix6BaOeFVo	For HeavenÃ¢ÂÂs Sake	FORHEAVENSSAKE	Don Meyer,Elise Bretton,Sherman Edwards	Wes Montgomery	0002957986	FOR HEAVEN'S SAKE	BRETTON E/EDWARDS S/MEYER D
7FEvUEbsfQmMqgkPN5TKZc	Onda Do Arraial	ONDADOARAIAL	Armandinho,Dora Vergueiro	Armandinho	0036131485	ONDA DO ARRAIAL	DE SILVEIRA A/VERGUEIRO D
75YS5bfQSol8GCoAvbmNaN	The Golden Age of Rock 'n' Roll	GOLDENAGEOFROCK&ROL	Ian Hunter	Mott The Hoople	0001407831	GOLDEN AGE OF ROCK AND ROLL	PATTERSON IAN HUNTER
1VUjE82FR4JcmUakYBVTTn	Fark Atiyor	FARKATIYOR	Sinan AkÃÂ§ÃÂ±l,Tamim Gallal	Sinan AkÃÂ§ÃÂ±l	0043047156	FARK ATIYOR (CIHAT UGUREL REMIX)	AKCIL S/GALLAL T/GHALAB M/TAMOZ V
0Tasv0fVj3DE7bGiuxwQp2	Schattenspiel	SCHATENSPIEL	V.Bertelmann	Hauschka	0043926827	SCHATTENSPIEL	BERTELMANN VOLKER
5P9JSDgtyv01U04yUXDL7u	Pretender	PRETENDER	Klaas Gerling	Klaas	0055543584	PRETENDER	KLAAS GERLING
0caUoX71D8MNwFagsN5QzF	Teddy Acapulco	TEDYACAPULCO	Zsolt Jakab	Vono Box	0033982666	TEDDY ACAPULCO	JAKAB ZSOLT
3fj6YntHiA9D9wbOy7sA8c	Big Blue	BIGBLUE	Jan Hammer	Clarence Clemons	0050519462	BIG BLUE	HAMMER J/HAMMER J
04zIl0G0yzmRuBYWB8im1f	Shine	SHINE	Justin Clarke	Congress of Animals,Justin Firefly Clarke	0051874875	SHINE LITTLE DIAMOND	CLARKE JUSTIN RUSSELL
7iAQj0IxTJ5Zw6Ar9oP2fV	Games	GAME	Demi Lovato,Sean Douglas,Trevor David Brown,Warren Felder,William Zaire Simmons	Demi Lovato	0052647744	GAMES	LOVATO/SIMMONS/BROWN/DOUGLAS/FELDER
4wIJhBXOSCWtCtmgYNoB67	Burning Passion	BURNINPASION	G. Vern	Francisca Guido	0040445837	BURNING PASSION	GADO VERN
6jweF2IOIwxjYQ7pXFwpwX	Heatwave	HEATWAVE	Jay Watson	GUM	0051031272	HEATWAVE	WATSON JAY WESLEY
3XEx16BTvG62jF4bnB4S6v	December, 1963 (oh, What a Night)	DECEMBER1963	B.Gaudio,J Parker	Broadway Singers	0002421171	DECEMBER 1963 (OH WHAT A NIGHT)	GAUDIO R/PARKER J
4dY97GUDuUSkx8HajakKS6	All in Black	ALINBLACK	David Haley,David Hill,Tony Forde	King	0049951758	ALL IN BLACK	HILL D/FORDE T
2tpiNIdAInCVopLATG1dan	River of Pain	RIVEROFPAIN	Luke Morley	Thunder	0008753534	RIVER OF PAIN	MORLEY LUKE
6xRMUk4GauxcipDHS4Lt2r	The Battle For Straight Time	BATLEFORSTRAIGHTTIME	Carl Newman	A.C. Newman	0033643709	BATTLE FOR STRAIGHT TIME	/NEWMAN CARL ALLAN/NEWMAN A C
4D45h765OwTlFEUJSYRSRo	Violin Sonata No. 1 in G Minor, BWV 1001: IV. Presto	VIOLINSONATANO1INGMINORBW	Johann Sebastian Bach	Aaron Rosand	0051916490	VIOLIN SONATA NO. 1 IN G MINOR, BWV 1001: IV. PRESTO	JOHANN SEBASTIAN BACH/ALAN VEGA MARTIN R
5pNrZgIiBeKnK5lGvgqnKi	Sunfall	SUNFAL	Ben Grayson,Jake Mason	Jake Mason Trio	0035028315	SUNFALL	MASON J/GRAYSON B
75qoUC3RbSjDi3D1tgZFlI	Piano Quartet in D Minor, Op. 25: III. Allegretto grazioso	PIANOQUARTETINDMINOROP25I	Dora PejaÃÂeviÃÂ	Oliver Triendl,Quatuor Sine Nomine	0055921237	PIANO QUARTET IN D MINOR, OP. 25: III. ALLEGRETTO GRAZIOSO	DORA PEJACEVIC
5UwEOdcJfbATw8iNU3JVMu	Sana Ikaw	SANAIKAW	Mark Escueta,Michael Elgar,Nathan Azarcon,Ryan Peralta	Rivermaya	0052997889	SANA IKAW	NATHAN AZARCON/MARK ESCUETA/MICHAEL ELGA
13zOGnAr2Rpcbp2agucROW	Streamlined Cannon Ball	STREAMLINEDCANONBAL	Roy Acuff	Roy Acuff	0003289522	STREAMLINE CANNONBALL	ACUFF ROY C
56aDDLjXsX3mblX2YTG3b9	Please Please Please	PLEASEPLEASEPLEASE	Adam Olenius,Carl von Arbin,Eric Edman,Paola Stenborg,Ted Malmros	Shout Out Louds	0033976845	PLEASE PLEASE PLEASE	OLENIUS ADAM BENGT WALDEMAR
5urhUYCBXmsPEw00gY5hab	Domn Al Domnilor	DOMNALDOMNILOR	Gabriel Gorcea	Speranta si Prietenii	0049295779	DOMN AL DOMNILOR	GABRIEL GORCEA
6nsZ23hRFXCVkk9NwuzAz0	Sidewalk Safari	SIDEWALKSAFARI	Caroline Polachek,Kurt Feldman,Patrick Wimberly	Chairlift	0042077424	SIDEWALK SAFARI	POLACHEK C/WIMBERLY J/FELDMAN K
7GV2C2AwDJO5eXi3xlnuiJ	Hymne A L'amour	HYMNELAMOUR	Marguerite AngÃÂ¨le Monnot,ÃÂdith Piaf	Emma Hamilton	0001002738	HYMNE A L' AMOUR	MONNOT M/PIAF E
